order_id,date,region,salesperson,product,category,units,unit_price_nok,total_nok,channel,customer_segment
ORD-10001,2026-07-01,Oslo,Jonas Berg,Docking Station,Hardware,1,1890,1890,Web,SMB
ORD-10002,2026-07-01,Oslo,Emma Solheim,USB-C Hub,Accessories,1,449,449,Phone,SMB
ORD-10003,2026-07-01,Oslo,Ingrid Bakke,Security Suite License,Software,19,1548,29412,Direct,Enterprise
ORD-10004,2026-07-01,Oslo,Emma Solheim,Wireless Headset,Accessories,1,1290,1290,Phone,Consumer
ORD-10005,2026-07-01,Oslo,Emma Solheim,USB-C Hub,Accessories,2,449,898,Phone,SMB
ORD-10006,2026-07-01,Bergen,Sofie Dahl,Laptop Air 13,Hardware,1,12490,12490,Partner,SMB
ORD-10007,2026-07-01,Bergen,Sofie Dahl,Cloud Backup 1TB,Services,4,990,3960,Web,SMB
ORD-10008,2026-07-01,Bergen,Sofie Dahl,Laptop Air 13,Hardware,17,12490,212330,Web,Enterprise
ORD-10009,2026-07-01,Trondheim,Nora Lien,Laptop Air 13,Hardware,1,12490,12490,Direct,Consumer
ORD-10010,2026-07-01,Trondheim,Nora Lien,Office Suite License,Software,4,1188,4752,Partner,Public Sector
ORD-10011,2026-07-01,Trondheim,Nora Lien,Docking Station,Hardware,11,1890,20790,Phone,Public Sector
ORD-10012,2026-07-01,Trondheim,Henrik Moen,"Monitor 27"" 4K",Hardware,40,4990,199600,Phone,Enterprise
ORD-10013,2026-07-01,Stavanger,Lars Eide,Laptop Pro 14,Hardware,1,18990,18990,Partner,SMB
ORD-10014,2026-07-01,Stavanger,Lars Eide,Wireless Headset,Accessories,3,1290,3870,Phone,SMB
ORD-10015,2026-07-01,Tromsø,Mia Foss,"Monitor 27"" 4K",Hardware,2,4990,9980,Partner,SMB
ORD-10016,2026-07-02,Oslo,Emma Solheim,Cloud Backup 1TB,Services,19,990,18810,Phone,Enterprise
ORD-10017,2026-07-02,Oslo,Emma Solheim,Office Suite License,Software,1,1188,1188,Web,SMB
ORD-10018,2026-07-02,Oslo,Ingrid Bakke,Managed Support (month),Services,1,2490,2490,Direct,SMB
ORD-10019,2026-07-02,Oslo,Jonas Berg,USB-C Hub,Accessories,12,449,5388,Partner,Enterprise
ORD-10020,2026-07-02,Bergen,Sofie Dahl,USB-C Hub,Accessories,1,449,449,Partner,SMB
ORD-10021,2026-07-02,Bergen,Markus Vik,Security Suite License,Software,3,1548,4644,Phone,Consumer
ORD-10022,2026-07-02,Bergen,Markus Vik,Mechanical Keyboard,Accessories,1,990,990,Partner,Consumer
ORD-10023,2026-07-02,Trondheim,Nora Lien,Laptop Pro 14,Hardware,3,18990,56970,Partner,SMB
ORD-10024,2026-07-02,Trondheim,Henrik Moen,Laptop Pro 14,Hardware,1,18990,18990,Web,SMB
ORD-10025,2026-07-02,Stavanger,Oda Strand,"Monitor 27"" 4K",Hardware,6,4990,29940,Direct,Public Sector
ORD-10026,2026-07-02,Stavanger,Oda Strand,Security Suite License,Software,2,1548,3096,Partner,Consumer
ORD-10027,2026-07-03,Oslo,Jonas Berg,Office Suite License,Software,4,1188,4752,Web,Consumer
ORD-10028,2026-07-03,Oslo,Ingrid Bakke,Laptop Pro 14,Hardware,19,18990,360810,Web,Enterprise
ORD-10029,2026-07-03,Oslo,Ingrid Bakke,Onboarding Package,Services,1,7500,7500,Partner,SMB
ORD-10030,2026-07-03,Bergen,Markus Vik,Security Suite License,Software,4,1548,6192,Phone,SMB
ORD-10031,2026-07-03,Bergen,Markus Vik,Onboarding Package,Services,4,7500,30000,Phone,Consumer
ORD-10032,2026-07-03,Bergen,Sofie Dahl,USB-C Hub,Accessories,1,449,449,Direct,SMB
ORD-10033,2026-07-03,Bergen,Sofie Dahl,USB-C Hub,Accessories,1,449,449,Web,SMB
ORD-10034,2026-07-03,Trondheim,Henrik Moen,Docking Station,Hardware,4,1890,7560,Phone,SMB
ORD-10035,2026-07-03,Trondheim,Nora Lien,"Monitor 27"" 4K",Hardware,2,4990,9980,Web,SMB
ORD-10036,2026-07-03,Trondheim,Nora Lien,Security Suite License,Software,1,1548,1548,Web,SMB
ORD-10037,2026-07-03,Trondheim,Henrik Moen,"Monitor 27"" 4K",Hardware,4,4990,19960,Phone,SMB
ORD-10038,2026-07-03,Stavanger,Lars Eide,Laptop Pro 14,Hardware,1,18990,18990,Direct,SMB
ORD-10039,2026-07-03,Stavanger,Lars Eide,Office Suite License,Software,4,1188,4752,Phone,SMB
ORD-10040,2026-07-03,Stavanger,Oda Strand,Wireless Headset,Accessories,1,1290,1290,Web,SMB
ORD-10041,2026-07-03,Tromsø,Mia Foss,Security Suite License,Software,2,1548,3096,Web,Consumer
ORD-10042,2026-07-04,Oslo,Emma Solheim,Laptop Air 13,Hardware,1,12490,12490,Web,Consumer
ORD-10043,2026-07-04,Bergen,Markus Vik,Cloud Backup 1TB,Services,31,990,30690,Partner,Enterprise
ORD-10044,2026-07-04,Stavanger,Lars Eide,Docking Station,Hardware,2,1890,3780,Partner,SMB
ORD-10045,2026-07-06,Oslo,Ingrid Bakke,Laptop Air 13,Hardware,27,12490,337230,Web,Enterprise
ORD-10046,2026-07-06,Oslo,Ingrid Bakke,Onboarding Package,Services,3,7500,22500,Web,Consumer
ORD-10047,2026-07-06,Oslo,Emma Solheim,Security Suite License,Software,1,1548,1548,Phone,SMB
ORD-10048,2026-07-06,Oslo,Jonas Berg,Laptop Air 13,Hardware,2,12490,24980,Partner,Consumer
ORD-10049,2026-07-06,Bergen,Sofie Dahl,Docking Station,Hardware,10,1890,18900,Direct,Public Sector
ORD-10050,2026-07-06,Bergen,Sofie Dahl,Laptop Pro 14,Hardware,4,18990,75960,Partner,SMB
ORD-10051,2026-07-06,Bergen,Markus Vik,Laptop Pro 14,Hardware,2,18990,37980,Partner,SMB
ORD-10052,2026-07-06,Trondheim,Henrik Moen,Onboarding Package,Services,4,7500,30000,Web,SMB
ORD-10053,2026-07-06,Trondheim,Henrik Moen,Laptop Air 13,Hardware,2,12490,24980,Web,Consumer
ORD-10054,2026-07-06,Trondheim,Nora Lien,USB-C Hub,Accessories,1,449,449,Partner,SMB
ORD-10055,2026-07-06,Trondheim,Nora Lien,Laptop Pro 14,Hardware,2,18990,37980,Phone,Consumer
ORD-10056,2026-07-06,Stavanger,Lars Eide,USB-C Hub,Accessories,2,449,898,Phone,Consumer
ORD-10057,2026-07-06,Stavanger,Oda Strand,USB-C Hub,Accessories,3,449,1347,Direct,SMB
ORD-10058,2026-07-06,Tromsø,Mia Foss,Wireless Headset,Accessories,1,1290,1290,Direct,SMB
ORD-10059,2026-07-07,Oslo,Ingrid Bakke,Docking Station,Hardware,19,1890,35910,Phone,Enterprise
ORD-10060,2026-07-07,Oslo,Ingrid Bakke,Onboarding Package,Services,1,7500,7500,Partner,SMB
ORD-10061,2026-07-07,Oslo,Jonas Berg,Managed Support (month),Services,6,2490,14940,Web,Enterprise
ORD-10062,2026-07-07,Oslo,Jonas Berg,"Monitor 27"" 4K",Hardware,7,4990,34930,Web,Enterprise
ORD-10063,2026-07-07,Oslo,Emma Solheim,USB-C Hub,Accessories,3,449,1347,Direct,SMB
ORD-10064,2026-07-07,Oslo,Emma Solheim,Security Suite License,Software,2,1548,3096,Partner,SMB
ORD-10065,2026-07-07,Oslo,Ingrid Bakke,Onboarding Package,Services,28,7500,210000,Direct,Enterprise
ORD-10066,2026-07-07,Oslo,Ingrid Bakke,Managed Support (month),Services,13,2490,32370,Partner,Public Sector
ORD-10067,2026-07-07,Oslo,Emma Solheim,Wireless Headset,Accessories,8,1290,10320,Partner,Public Sector
ORD-10068,2026-07-07,Bergen,Markus Vik,Docking Station,Hardware,4,1890,7560,Phone,SMB
ORD-10069,2026-07-07,Bergen,Sofie Dahl,USB-C Hub,Accessories,24,449,10776,Partner,Enterprise
ORD-10070,2026-07-07,Trondheim,Nora Lien,Office Suite License,Software,2,1188,2376,Direct,SMB
ORD-10071,2026-07-07,Trondheim,Henrik Moen,Managed Support (month),Services,3,2490,7470,Web,SMB
ORD-10072,2026-07-07,Trondheim,Henrik Moen,Managed Support (month),Services,2,2490,4980,Phone,SMB
ORD-10073,2026-07-07,Trondheim,Henrik Moen,Laptop Pro 14,Hardware,4,18990,75960,Web,SMB
ORD-10074,2026-07-07,Stavanger,Lars Eide,USB-C Hub,Accessories,2,449,898,Direct,Consumer
ORD-10075,2026-07-07,Stavanger,Lars Eide,USB-C Hub,Accessories,1,449,449,Web,SMB
ORD-10076,2026-07-07,Stavanger,Lars Eide,Docking Station,Hardware,4,1890,7560,Web,SMB
ORD-10077,2026-07-07,Stavanger,Oda Strand,Laptop Air 13,Hardware,38,12490,474620,Partner,Enterprise
ORD-10078,2026-07-07,Tromsø,Mia Foss,Security Suite License,Software,2,1548,3096,Direct,SMB
ORD-10079,2026-07-07,Tromsø,Mia Foss,Wireless Headset,Accessories,3,1290,3870,Direct,Consumer
ORD-10080,2026-07-08,Oslo,Emma Solheim,Docking Station,Hardware,1,1890,1890,Partner,SMB
ORD-10081,2026-07-08,Oslo,Ingrid Bakke,Managed Support (month),Services,2,2490,4980,Phone,SMB
ORD-10082,2026-07-08,Oslo,Jonas Berg,Onboarding Package,Services,2,7500,15000,Web,SMB
ORD-10083,2026-07-08,Oslo,Jonas Berg,USB-C Hub,Accessories,4,449,1796,Direct,SMB
ORD-10084,2026-07-08,Bergen,Sofie Dahl,USB-C Hub,Accessories,4,449,1796,Direct,SMB
ORD-10085,2026-07-08,Bergen,Markus Vik,Mechanical Keyboard,Accessories,4,990,3960,Direct,SMB
ORD-10086,2026-07-08,Bergen,Markus Vik,Office Suite License,Software,4,1188,4752,Direct,SMB
ORD-10087,2026-07-08,Bergen,Markus Vik,USB-C Hub,Accessories,4,449,1796,Phone,SMB
ORD-10088,2026-07-08,Bergen,Sofie Dahl,"Monitor 27"" 4K",Hardware,1,4990,4990,Direct,Consumer
ORD-10089,2026-07-08,Bergen,Markus Vik,Laptop Air 13,Hardware,15,12490,187350,Direct,Public Sector
ORD-10090,2026-07-08,Trondheim,Henrik Moen,Laptop Pro 14,Hardware,3,18990,56970,Phone,SMB
ORD-10091,2026-07-08,Trondheim,Nora Lien,Mechanical Keyboard,Accessories,4,990,3960,Partner,SMB
ORD-10092,2026-07-08,Trondheim,Nora Lien,Wireless Headset,Accessories,4,1290,5160,Web,Consumer
ORD-10093,2026-07-08,Trondheim,Henrik Moen,Mechanical Keyboard,Accessories,1,990,990,Web,SMB
ORD-10094,2026-07-08,Stavanger,Oda Strand,Laptop Pro 14,Hardware,4,18990,75960,Direct,Public Sector
ORD-10095,2026-07-08,Stavanger,Oda Strand,USB-C Hub,Accessories,28,449,12572,Phone,Enterprise
ORD-10096,2026-07-09,Oslo,Emma Solheim,Laptop Air 13,Hardware,2,12490,24980,Partner,Consumer
ORD-10097,2026-07-09,Bergen,Markus Vik,Cloud Backup 1TB,Services,4,990,3960,Direct,SMB
ORD-10098,2026-07-09,Trondheim,Henrik Moen,Laptop Air 13,Hardware,15,12490,187350,Web,Public Sector
ORD-10099,2026-07-09,Trondheim,Henrik Moen,Mechanical Keyboard,Accessories,9,990,8910,Partner,Enterprise
ORD-10100,2026-07-09,Trondheim,Henrik Moen,USB-C Hub,Accessories,1,449,449,Direct,Consumer
ORD-10101,2026-07-09,Stavanger,Lars Eide,Managed Support (month),Services,4,2490,9960,Phone,Consumer
ORD-10102,2026-07-09,Stavanger,Lars Eide,"Monitor 27"" 4K",Hardware,11,4990,54890,Direct,Public Sector
ORD-10103,2026-07-10,Oslo,Emma Solheim,Wireless Headset,Accessories,2,1290,2580,Web,SMB
ORD-10104,2026-07-10,Oslo,Jonas Berg,Office Suite License,Software,4,1188,4752,Direct,SMB
ORD-10105,2026-07-10,Oslo,Jonas Berg,Laptop Pro 14,Hardware,16,18990,303840,Direct,Enterprise
ORD-10106,2026-07-10,Oslo,Ingrid Bakke,Mechanical Keyboard,Accessories,3,990,2970,Web,SMB
ORD-10107,2026-07-10,Oslo,Emma Solheim,Docking Station,Hardware,4,1890,7560,Direct,SMB
ORD-10108,2026-07-10,Oslo,Emma Solheim,Docking Station,Hardware,9,1890,17010,Web,Public Sector
ORD-10109,2026-07-10,Bergen,Markus Vik,Wireless Headset,Accessories,9,1290,11610,Partner,Public Sector
ORD-10110,2026-07-10,Bergen,Sofie Dahl,Onboarding Package,Services,34,7500,255000,Partner,Enterprise
ORD-10111,2026-07-10,Bergen,Sofie Dahl,Wireless Headset,Accessories,2,1290,2580,Partner,SMB
ORD-10112,2026-07-10,Bergen,Markus Vik,Onboarding Package,Services,17,7500,127500,Phone,Enterprise
ORD-10113,2026-07-10,Trondheim,Nora Lien,Wireless Headset,Accessories,3,1290,3870,Phone,Public Sector
ORD-10114,2026-07-10,Trondheim,Nora Lien,Docking Station,Hardware,3,1890,5670,Web,SMB
ORD-10115,2026-07-10,Trondheim,Henrik Moen,Wireless Headset,Accessories,1,1290,1290,Partner,SMB
ORD-10116,2026-07-10,Stavanger,Lars Eide,Laptop Air 13,Hardware,3,12490,37470,Direct,Consumer
ORD-10117,2026-07-10,Stavanger,Lars Eide,Office Suite License,Software,1,1188,1188,Partner,SMB
ORD-10118,2026-07-10,Tromsø,Mia Foss,Laptop Air 13,Hardware,4,12490,49960,Direct,Consumer
ORD-10119,2026-07-11,Oslo,Ingrid Bakke,Managed Support (month),Services,1,2490,2490,Phone,Consumer
ORD-10120,2026-07-11,Oslo,Ingrid Bakke,Security Suite License,Software,14,1548,21672,Direct,Public Sector
ORD-10121,2026-07-11,Bergen,Sofie Dahl,Office Suite License,Software,4,1188,4752,Partner,SMB
ORD-10122,2026-07-12,Oslo,Ingrid Bakke,Managed Support (month),Services,2,2490,4980,Phone,SMB
ORD-10123,2026-07-13,Oslo,Jonas Berg,Onboarding Package,Services,4,7500,30000,Web,SMB
ORD-10124,2026-07-13,Oslo,Emma Solheim,Docking Station,Hardware,2,1890,3780,Direct,Consumer
ORD-10125,2026-07-13,Oslo,Ingrid Bakke,Laptop Pro 14,Hardware,2,18990,37980,Web,Consumer
ORD-10126,2026-07-13,Oslo,Ingrid Bakke,"Monitor 27"" 4K",Hardware,33,4990,164670,Web,Enterprise
ORD-10127,2026-07-13,Oslo,Jonas Berg,Onboarding Package,Services,4,7500,30000,Partner,SMB
ORD-10128,2026-07-13,Bergen,Sofie Dahl,Office Suite License,Software,1,1188,1188,Direct,SMB
ORD-10129,2026-07-13,Bergen,Sofie Dahl,Cloud Backup 1TB,Services,1,990,990,Partner,SMB
ORD-10130,2026-07-13,Bergen,Markus Vik,"Monitor 27"" 4K",Hardware,22,4990,109780,Phone,Enterprise
ORD-10131,2026-07-13,Bergen,Sofie Dahl,Managed Support (month),Services,1,2490,2490,Direct,Consumer
ORD-10132,2026-07-13,Trondheim,Henrik Moen,"Monitor 27"" 4K",Hardware,4,4990,19960,Partner,SMB
ORD-10133,2026-07-13,Trondheim,Nora Lien,Security Suite License,Software,1,1548,1548,Partner,SMB
ORD-10134,2026-07-13,Stavanger,Lars Eide,Mechanical Keyboard,Accessories,4,990,3960,Web,SMB
ORD-10135,2026-07-13,Stavanger,Lars Eide,USB-C Hub,Accessories,3,449,1347,Direct,SMB
ORD-10136,2026-07-13,Stavanger,Lars Eide,Laptop Pro 14,Hardware,2,18990,37980,Partner,SMB
ORD-10137,2026-07-14,Oslo,Ingrid Bakke,Laptop Pro 14,Hardware,13,18990,246870,Phone,Public Sector
ORD-10138,2026-07-14,Oslo,Jonas Berg,Security Suite License,Software,4,1548,6192,Web,SMB
ORD-10139,2026-07-14,Oslo,Ingrid Bakke,Laptop Air 13,Hardware,2,12490,24980,Direct,SMB
ORD-10140,2026-07-14,Oslo,Emma Solheim,Wireless Headset,Accessories,31,1290,39990,Direct,Enterprise
ORD-10141,2026-07-14,Oslo,Jonas Berg,Docking Station,Hardware,29,1890,54810,Phone,Enterprise
ORD-10142,2026-07-14,Oslo,Emma Solheim,Security Suite License,Software,15,1548,23220,Web,Public Sector
ORD-10143,2026-07-14,Oslo,Jonas Berg,USB-C Hub,Accessories,3,449,1347,Web,SMB
ORD-10144,2026-07-14,Bergen,Sofie Dahl,"Monitor 27"" 4K",Hardware,4,4990,19960,Partner,SMB
ORD-10145,2026-07-14,Bergen,Sofie Dahl,Security Suite License,Software,4,1548,6192,Direct,Consumer
ORD-10146,2026-07-14,Bergen,Sofie Dahl,Docking Station,Hardware,2,1890,3780,Direct,Consumer
ORD-10147,2026-07-14,Trondheim,Henrik Moen,USB-C Hub,Accessories,4,449,1796,Direct,SMB
ORD-10148,2026-07-14,Trondheim,Nora Lien,Managed Support (month),Services,2,2490,4980,Direct,Consumer
ORD-10149,2026-07-14,Trondheim,Henrik Moen,"Monitor 27"" 4K",Hardware,11,4990,54890,Direct,Enterprise
ORD-10150,2026-07-14,Trondheim,Henrik Moen,Security Suite License,Software,1,1548,1548,Phone,Consumer
ORD-10151,2026-07-14,Stavanger,Oda Strand,Laptop Air 13,Hardware,26,12490,324740,Direct,Enterprise
ORD-10152,2026-07-14,Tromsø,Mia Foss,Mechanical Keyboard,Accessories,4,990,3960,Partner,Consumer
ORD-10153,2026-07-14,Tromsø,Mia Foss,Security Suite License,Software,1,1548,1548,Phone,SMB
ORD-10154,2026-07-15,Oslo,Ingrid Bakke,Laptop Pro 14,Hardware,1,18990,18990,Direct,Consumer
ORD-10155,2026-07-15,Oslo,Ingrid Bakke,Laptop Pro 14,Hardware,1,18990,18990,Partner,SMB
ORD-10156,2026-07-15,Bergen,Sofie Dahl,Mechanical Keyboard,Accessories,2,990,1980,Direct,SMB
ORD-10157,2026-07-15,Trondheim,Henrik Moen,"Monitor 27"" 4K",Hardware,4,4990,19960,Phone,SMB
ORD-10158,2026-07-15,Stavanger,Lars Eide,Cloud Backup 1TB,Services,34,990,33660,Partner,Enterprise
ORD-10159,2026-07-15,Stavanger,Oda Strand,Office Suite License,Software,2,1188,2376,Web,Consumer
ORD-10160,2026-07-15,Tromsø,Mia Foss,Managed Support (month),Services,3,2490,7470,Direct,Consumer
ORD-10161,2026-07-16,Oslo,Jonas Berg,Docking Station,Hardware,4,1890,7560,Web,Consumer
ORD-10162,2026-07-16,Oslo,Ingrid Bakke,USB-C Hub,Accessories,6,449,2694,Direct,Enterprise
ORD-10163,2026-07-16,Oslo,Jonas Berg,Laptop Pro 14,Hardware,36,18990,683640,Partner,Enterprise
ORD-10164,2026-07-16,Oslo,Ingrid Bakke,Cloud Backup 1TB,Services,3,990,2970,Phone,SMB
ORD-10165,2026-07-16,Oslo,Emma Solheim,Laptop Air 13,Hardware,1,12490,12490,Partner,Consumer
ORD-10166,2026-07-16,Oslo,Jonas Berg,Laptop Pro 14,Hardware,10,18990,189900,Partner,Enterprise
ORD-10167,2026-07-16,Bergen,Markus Vik,"Monitor 27"" 4K",Hardware,3,4990,14970,Partner,Consumer
ORD-10168,2026-07-16,Bergen,Markus Vik,Wireless Headset,Accessories,4,1290,5160,Partner,Consumer
ORD-10169,2026-07-16,Bergen,Sofie Dahl,Laptop Air 13,Hardware,14,12490,174860,Phone,Enterprise
ORD-10170,2026-07-16,Trondheim,Nora Lien,Security Suite License,Software,4,1548,6192,Web,SMB
ORD-10171,2026-07-16,Trondheim,Nora Lien,Security Suite License,Software,3,1548,4644,Partner,SMB
ORD-10172,2026-07-16,Trondheim,Nora Lien,Managed Support (month),Services,1,2490,2490,Phone,Consumer
ORD-10173,2026-07-16,Trondheim,Nora Lien,Laptop Pro 14,Hardware,11,18990,208890,Phone,Public Sector
ORD-10174,2026-07-16,Stavanger,Lars Eide,Onboarding Package,Services,4,7500,30000,Web,SMB
ORD-10175,2026-07-17,Oslo,Jonas Berg,Office Suite License,Software,2,1188,2376,Phone,SMB
ORD-10176,2026-07-17,Oslo,Jonas Berg,Office Suite License,Software,4,1188,4752,Phone,SMB
ORD-10177,2026-07-17,Oslo,Jonas Berg,Managed Support (month),Services,4,2490,9960,Direct,SMB
ORD-10178,2026-07-17,Oslo,Jonas Berg,Laptop Pro 14,Hardware,9,18990,170910,Direct,Public Sector
ORD-10179,2026-07-17,Oslo,Ingrid Bakke,Managed Support (month),Services,3,2490,7470,Web,SMB
ORD-10180,2026-07-17,Oslo,Jonas Berg,Wireless Headset,Accessories,1,1290,1290,Direct,SMB
ORD-10181,2026-07-17,Oslo,Ingrid Bakke,Managed Support (month),Services,8,2490,19920,Partner,Enterprise
ORD-10182,2026-07-17,Oslo,Ingrid Bakke,"Monitor 27"" 4K",Hardware,2,4990,9980,Phone,SMB
ORD-10183,2026-07-17,Bergen,Markus Vik,Mechanical Keyboard,Accessories,1,990,990,Partner,Consumer
ORD-10184,2026-07-17,Bergen,Markus Vik,"Monitor 27"" 4K",Hardware,12,4990,59880,Web,Enterprise
ORD-10185,2026-07-17,Bergen,Markus Vik,Laptop Pro 14,Hardware,2,18990,37980,Partner,SMB
ORD-10186,2026-07-17,Bergen,Markus Vik,"Monitor 27"" 4K",Hardware,2,4990,9980,Direct,SMB
ORD-10187,2026-07-17,Bergen,Markus Vik,Onboarding Package,Services,4,7500,30000,Partner,SMB
ORD-10188,2026-07-17,Trondheim,Henrik Moen,Cloud Backup 1TB,Services,3,990,2970,Direct,Consumer
ORD-10189,2026-07-17,Trondheim,Henrik Moen,Laptop Pro 14,Hardware,4,18990,75960,Direct,Consumer
ORD-10190,2026-07-17,Stavanger,Oda Strand,Office Suite License,Software,3,1188,3564,Web,Public Sector
ORD-10191,2026-07-17,Stavanger,Lars Eide,Cloud Backup 1TB,Services,3,990,2970,Direct,SMB
ORD-10192,2026-07-17,Tromsø,Mia Foss,Security Suite License,Software,14,1548,21672,Web,Public Sector
ORD-10193,2026-07-18,Oslo,Emma Solheim,Managed Support (month),Services,2,2490,4980,Direct,Consumer
ORD-10194,2026-07-18,Trondheim,Nora Lien,Office Suite License,Software,1,1188,1188,Partner,SMB
ORD-10195,2026-07-20,Oslo,Ingrid Bakke,Onboarding Package,Services,1,7500,7500,Partner,Consumer
ORD-10196,2026-07-20,Oslo,Emma Solheim,Laptop Air 13,Hardware,4,12490,49960,Web,SMB
ORD-10197,2026-07-20,Oslo,Jonas Berg,Cloud Backup 1TB,Services,2,990,1980,Phone,SMB
ORD-10198,2026-07-20,Oslo,Emma Solheim,Office Suite License,Software,1,1188,1188,Partner,SMB
ORD-10199,2026-07-20,Oslo,Emma Solheim,Mechanical Keyboard,Accessories,3,990,2970,Phone,SMB
ORD-10200,2026-07-20,Bergen,Markus Vik,USB-C Hub,Accessories,3,449,1347,Web,Consumer
ORD-10201,2026-07-20,Bergen,Markus Vik,Wireless Headset,Accessories,7,1290,9030,Partner,Public Sector
ORD-10202,2026-07-20,Bergen,Markus Vik,"Monitor 27"" 4K",Hardware,4,4990,19960,Web,Consumer
ORD-10203,2026-07-20,Bergen,Markus Vik,Onboarding Package,Services,3,7500,22500,Phone,Public Sector
ORD-10204,2026-07-20,Trondheim,Nora Lien,USB-C Hub,Accessories,28,449,12572,Partner,Enterprise
ORD-10205,2026-07-20,Stavanger,Oda Strand,Laptop Pro 14,Hardware,1,18990,18990,Web,SMB
ORD-10206,2026-07-20,Stavanger,Lars Eide,Office Suite License,Software,11,1188,13068,Direct,Public Sector
ORD-10207,2026-07-21,Oslo,Emma Solheim,Laptop Air 13,Hardware,1,12490,12490,Partner,SMB
ORD-10208,2026-07-21,Oslo,Emma Solheim,Managed Support (month),Services,7,2490,17430,Phone,Enterprise
ORD-10209,2026-07-21,Oslo,Jonas Berg,Cloud Backup 1TB,Services,2,990,1980,Phone,SMB
ORD-10210,2026-07-21,Oslo,Jonas Berg,Wireless Headset,Accessories,1,1290,1290,Direct,SMB
ORD-10211,2026-07-21,Oslo,Emma Solheim,USB-C Hub,Accessories,4,449,1796,Phone,SMB
ORD-10212,2026-07-21,Bergen,Sofie Dahl,Laptop Air 13,Hardware,1,12490,12490,Direct,SMB
ORD-10213,2026-07-21,Bergen,Markus Vik,Office Suite License,Software,3,1188,3564,Direct,Consumer
ORD-10214,2026-07-21,Bergen,Sofie Dahl,Onboarding Package,Services,3,7500,22500,Direct,Public Sector
ORD-10215,2026-07-21,Bergen,Markus Vik,Mechanical Keyboard,Accessories,4,990,3960,Partner,SMB
ORD-10216,2026-07-21,Trondheim,Henrik Moen,USB-C Hub,Accessories,30,449,13470,Partner,Enterprise
ORD-10217,2026-07-21,Trondheim,Nora Lien,Docking Station,Hardware,2,1890,3780,Web,SMB
ORD-10218,2026-07-21,Trondheim,Henrik Moen,Security Suite License,Software,27,1548,41796,Phone,Enterprise
ORD-10219,2026-07-21,Trondheim,Henrik Moen,Laptop Air 13,Hardware,2,12490,24980,Phone,SMB
ORD-10220,2026-07-21,Trondheim,Henrik Moen,Managed Support (month),Services,4,2490,9960,Direct,SMB
ORD-10221,2026-07-21,Stavanger,Lars Eide,Managed Support (month),Services,3,2490,7470,Partner,Consumer
ORD-10222,2026-07-21,Stavanger,Oda Strand,Office Suite License,Software,4,1188,4752,Partner,SMB
ORD-10223,2026-07-21,Stavanger,Lars Eide,Cloud Backup 1TB,Services,34,990,33660,Direct,Enterprise
ORD-10224,2026-07-21,Tromsø,Mia Foss,Laptop Air 13,Hardware,11,12490,137390,Direct,Public Sector
ORD-10225,2026-07-21,Tromsø,Mia Foss,USB-C Hub,Accessories,1,449,449,Direct,Consumer
ORD-10226,2026-07-22,Oslo,Emma Solheim,Managed Support (month),Services,4,2490,9960,Phone,SMB
ORD-10227,2026-07-22,Oslo,Ingrid Bakke,Onboarding Package,Services,1,7500,7500,Phone,Consumer
ORD-10228,2026-07-22,Oslo,Ingrid Bakke,Docking Station,Hardware,2,1890,3780,Partner,Consumer
ORD-10229,2026-07-22,Oslo,Jonas Berg,Wireless Headset,Accessories,3,1290,3870,Web,SMB
ORD-10230,2026-07-22,Oslo,Emma Solheim,Managed Support (month),Services,3,2490,7470,Web,SMB
ORD-10231,2026-07-22,Oslo,Emma Solheim,Managed Support (month),Services,3,2490,7470,Phone,SMB
ORD-10232,2026-07-22,Bergen,Markus Vik,Mechanical Keyboard,Accessories,4,990,3960,Phone,SMB
ORD-10233,2026-07-22,Bergen,Markus Vik,Wireless Headset,Accessories,13,1290,16770,Web,Enterprise
ORD-10234,2026-07-22,Bergen,Sofie Dahl,Security Suite License,Software,3,1548,4644,Partner,SMB
ORD-10235,2026-07-22,Trondheim,Henrik Moen,Docking Station,Hardware,4,1890,7560,Phone,SMB
ORD-10236,2026-07-22,Trondheim,Henrik Moen,"Monitor 27"" 4K",Hardware,3,4990,14970,Web,SMB
ORD-10237,2026-07-22,Trondheim,Henrik Moen,Managed Support (month),Services,2,2490,4980,Direct,SMB
ORD-10238,2026-07-22,Trondheim,Henrik Moen,"Monitor 27"" 4K",Hardware,2,4990,9980,Direct,SMB
ORD-10239,2026-07-22,Stavanger,Oda Strand,Office Suite License,Software,5,1188,5940,Phone,Public Sector
ORD-10240,2026-07-22,Stavanger,Lars Eide,Office Suite License,Software,2,1188,2376,Partner,Consumer
ORD-10241,2026-07-22,Stavanger,Lars Eide,Office Suite License,Software,4,1188,4752,Direct,Consumer
ORD-10242,2026-07-22,Tromsø,Mia Foss,Docking Station,Hardware,2,1890,3780,Partner,Consumer
ORD-10243,2026-07-23,Oslo,Jonas Berg,Security Suite License,Software,1,1548,1548,Partner,Consumer
ORD-10244,2026-07-23,Oslo,Ingrid Bakke,Managed Support (month),Services,4,2490,9960,Web,SMB
ORD-10245,2026-07-23,Oslo,Ingrid Bakke,Office Suite License,Software,4,1188,4752,Web,Consumer
ORD-10246,2026-07-23,Oslo,Jonas Berg,Security Suite License,Software,4,1548,6192,Web,SMB
ORD-10247,2026-07-23,Oslo,Jonas Berg,Docking Station,Hardware,1,1890,1890,Partner,SMB
ORD-10248,2026-07-23,Oslo,Ingrid Bakke,Onboarding Package,Services,14,7500,105000,Direct,Public Sector
ORD-10249,2026-07-23,Oslo,Jonas Berg,Cloud Backup 1TB,Services,3,990,2970,Phone,SMB
ORD-10250,2026-07-23,Oslo,Ingrid Bakke,Security Suite License,Software,3,1548,4644,Partner,Public Sector
ORD-10251,2026-07-23,Bergen,Markus Vik,Wireless Headset,Accessories,2,1290,2580,Direct,SMB
ORD-10252,2026-07-23,Bergen,Sofie Dahl,Laptop Air 13,Hardware,4,12490,49960,Web,SMB
ORD-10253,2026-07-23,Bergen,Markus Vik,Onboarding Package,Services,4,7500,30000,Web,SMB
ORD-10254,2026-07-23,Bergen,Sofie Dahl,Docking Station,Hardware,10,1890,18900,Partner,Enterprise
ORD-10255,2026-07-23,Trondheim,Henrik Moen,USB-C Hub,Accessories,1,449,449,Direct,Consumer
ORD-10256,2026-07-23,Trondheim,Nora Lien,Wireless Headset,Accessories,14,1290,18060,Web,Public Sector
ORD-10257,2026-07-23,Trondheim,Nora Lien,Docking Station,Hardware,14,1890,26460,Partner,Public Sector
ORD-10258,2026-07-23,Trondheim,Henrik Moen,Laptop Pro 14,Hardware,3,18990,56970,Phone,SMB
ORD-10259,2026-07-23,Stavanger,Lars Eide,Onboarding Package,Services,13,7500,97500,Web,Enterprise
ORD-10260,2026-07-23,Stavanger,Lars Eide,Laptop Pro 14,Hardware,1,18990,18990,Phone,SMB
ORD-10261,2026-07-23,Stavanger,Oda Strand,Mechanical Keyboard,Accessories,4,990,3960,Direct,Consumer
ORD-10262,2026-07-23,Tromsø,Mia Foss,Wireless Headset,Accessories,1,1290,1290,Partner,SMB
ORD-10263,2026-07-24,Oslo,Jonas Berg,Laptop Air 13,Hardware,4,12490,49960,Direct,Consumer
ORD-10264,2026-07-24,Oslo,Emma Solheim,Office Suite License,Software,4,1188,4752,Partner,Consumer
ORD-10265,2026-07-24,Oslo,Ingrid Bakke,Office Suite License,Software,3,1188,3564,Web,SMB
ORD-10266,2026-07-24,Oslo,Emma Solheim,USB-C Hub,Accessories,2,449,898,Partner,SMB
ORD-10267,2026-07-24,Oslo,Jonas Berg,Laptop Air 13,Hardware,3,12490,37470,Partner,SMB
ORD-10268,2026-07-24,Oslo,Jonas Berg,USB-C Hub,Accessories,4,449,1796,Partner,SMB
ORD-10269,2026-07-24,Oslo,Jonas Berg,Laptop Pro 14,Hardware,11,18990,208890,Direct,Public Sector
ORD-10270,2026-07-24,Oslo,Jonas Berg,Managed Support (month),Services,1,2490,2490,Web,Consumer
ORD-10271,2026-07-24,Bergen,Markus Vik,Laptop Pro 14,Hardware,4,18990,75960,Web,SMB
ORD-10272,2026-07-24,Bergen,Markus Vik,Laptop Air 13,Hardware,3,12490,37470,Partner,SMB
ORD-10273,2026-07-24,Bergen,Sofie Dahl,Cloud Backup 1TB,Services,4,990,3960,Partner,SMB
ORD-10274,2026-07-24,Trondheim,Nora Lien,Office Suite License,Software,2,1188,2376,Partner,Consumer
ORD-10275,2026-07-24,Trondheim,Nora Lien,Mechanical Keyboard,Accessories,3,990,2970,Web,Public Sector
ORD-10276,2026-07-24,Stavanger,Lars Eide,Security Suite License,Software,3,1548,4644,Direct,SMB
ORD-10277,2026-07-24,Stavanger,Oda Strand,Cloud Backup 1TB,Services,4,990,3960,Phone,Consumer
ORD-10278,2026-07-25,Oslo,Jonas Berg,"Monitor 27"" 4K",Hardware,4,4990,19960,Web,Consumer
ORD-10279,2026-07-25,Oslo,Emma Solheim,Mechanical Keyboard,Accessories,10,990,9900,Partner,Public Sector
ORD-10280,2026-07-25,Bergen,Sofie Dahl,"Monitor 27"" 4K",Hardware,14,4990,69860,Partner,Public Sector
ORD-10281,2026-07-26,Oslo,Jonas Berg,Laptop Pro 14,Hardware,3,18990,56970,Direct,SMB
ORD-10282,2026-07-27,Oslo,Emma Solheim,Office Suite License,Software,9,1188,10692,Phone,Enterprise
ORD-10283,2026-07-27,Oslo,Jonas Berg,Managed Support (month),Services,4,2490,9960,Partner,SMB
ORD-10284,2026-07-27,Oslo,Ingrid Bakke,Security Suite License,Software,2,1548,3096,Direct,SMB
ORD-10285,2026-07-27,Bergen,Markus Vik,Laptop Air 13,Hardware,15,12490,187350,Phone,Enterprise
ORD-10286,2026-07-27,Bergen,Sofie Dahl,Onboarding Package,Services,3,7500,22500,Web,SMB
ORD-10287,2026-07-27,Bergen,Sofie Dahl,Docking Station,Hardware,4,1890,7560,Partner,Public Sector
ORD-10288,2026-07-27,Bergen,Markus Vik,Security Suite License,Software,4,1548,6192,Partner,Public Sector
ORD-10289,2026-07-27,Bergen,Markus Vik,Laptop Pro 14,Hardware,3,18990,56970,Phone,SMB
ORD-10290,2026-07-27,Bergen,Sofie Dahl,USB-C Hub,Accessories,24,449,10776,Direct,Enterprise
ORD-10291,2026-07-27,Bergen,Markus Vik,Managed Support (month),Services,4,2490,9960,Web,SMB
ORD-10292,2026-07-27,Bergen,Markus Vik,"Monitor 27"" 4K",Hardware,4,4990,19960,Direct,SMB
ORD-10293,2026-07-27,Bergen,Markus Vik,Mechanical Keyboard,Accessories,15,990,14850,Partner,Public Sector
ORD-10294,2026-07-27,Trondheim,Nora Lien,"Monitor 27"" 4K",Hardware,1,4990,4990,Partner,Consumer
ORD-10295,2026-07-27,Trondheim,Henrik Moen,Office Suite License,Software,4,1188,4752,Phone,SMB
ORD-10296,2026-07-27,Trondheim,Henrik Moen,Laptop Air 13,Hardware,4,12490,49960,Direct,SMB
ORD-10297,2026-07-27,Tromsø,Mia Foss,Mechanical Keyboard,Accessories,3,990,2970,Phone,Consumer
ORD-10298,2026-07-28,Oslo,Ingrid Bakke,Office Suite License,Software,36,1188,42768,Web,Enterprise
ORD-10299,2026-07-28,Oslo,Ingrid Bakke,USB-C Hub,Accessories,2,449,898,Partner,Consumer
ORD-10300,2026-07-28,Oslo,Ingrid Bakke,Managed Support (month),Services,4,2490,9960,Partner,Consumer
ORD-10301,2026-07-28,Oslo,Emma Solheim,Laptop Pro 14,Hardware,4,18990,75960,Phone,Consumer
ORD-10302,2026-07-28,Oslo,Jonas Berg,Onboarding Package,Services,4,7500,30000,Partner,SMB
ORD-10303,2026-07-28,Oslo,Ingrid Bakke,Managed Support (month),Services,3,2490,7470,Web,SMB
ORD-10304,2026-07-28,Oslo,Jonas Berg,Security Suite License,Software,12,1548,18576,Phone,Enterprise
ORD-10305,2026-07-28,Oslo,Ingrid Bakke,Onboarding Package,Services,14,7500,105000,Phone,Enterprise
ORD-10306,2026-07-28,Oslo,Emma Solheim,Security Suite License,Software,1,1548,1548,Web,SMB
ORD-10307,2026-07-28,Oslo,Ingrid Bakke,"Monitor 27"" 4K",Hardware,4,4990,19960,Phone,Consumer
ORD-10308,2026-07-28,Bergen,Sofie Dahl,Cloud Backup 1TB,Services,3,990,2970,Partner,SMB
ORD-10309,2026-07-28,Bergen,Sofie Dahl,Onboarding Package,Services,6,7500,45000,Partner,Enterprise
ORD-10310,2026-07-28,Trondheim,Nora Lien,Managed Support (month),Services,4,2490,9960,Partner,SMB
ORD-10311,2026-07-28,Trondheim,Henrik Moen,Cloud Backup 1TB,Services,2,990,1980,Web,Consumer
ORD-10312,2026-07-28,Stavanger,Lars Eide,"Monitor 27"" 4K",Hardware,2,4990,9980,Web,Consumer
ORD-10313,2026-07-28,Stavanger,Oda Strand,Docking Station,Hardware,3,1890,5670,Direct,SMB
ORD-10314,2026-07-28,Tromsø,Mia Foss,USB-C Hub,Accessories,10,449,4490,Direct,Public Sector
ORD-10315,2026-07-29,Oslo,Ingrid Bakke,Laptop Pro 14,Hardware,38,18990,721620,Direct,Enterprise
ORD-10316,2026-07-29,Oslo,Jonas Berg,"Monitor 27"" 4K",Hardware,39,4990,194610,Partner,Enterprise
ORD-10317,2026-07-29,Oslo,Emma Solheim,Onboarding Package,Services,11,7500,82500,Direct,Public Sector
ORD-10318,2026-07-29,Oslo,Ingrid Bakke,Onboarding Package,Services,3,7500,22500,Partner,SMB
ORD-10319,2026-07-29,Oslo,Emma Solheim,Docking Station,Hardware,7,1890,13230,Direct,Public Sector
ORD-10320,2026-07-29,Oslo,Jonas Berg,Security Suite License,Software,3,1548,4644,Partner,Consumer
ORD-10321,2026-07-29,Oslo,Ingrid Bakke,Cloud Backup 1TB,Services,3,990,2970,Phone,Consumer
ORD-10322,2026-07-29,Oslo,Jonas Berg,Laptop Pro 14,Hardware,1,18990,18990,Partner,SMB
ORD-10323,2026-07-29,Bergen,Sofie Dahl,Managed Support (month),Services,4,2490,9960,Phone,SMB
ORD-10324,2026-07-29,Bergen,Markus Vik,Security Suite License,Software,3,1548,4644,Phone,SMB
ORD-10325,2026-07-29,Trondheim,Henrik Moen,Docking Station,Hardware,2,1890,3780,Phone,SMB
ORD-10326,2026-07-29,Trondheim,Henrik Moen,Laptop Air 13,Hardware,4,12490,49960,Web,SMB
ORD-10327,2026-07-29,Trondheim,Henrik Moen,Laptop Pro 14,Hardware,2,18990,37980,Direct,Consumer
ORD-10328,2026-07-29,Trondheim,Nora Lien,Office Suite License,Software,7,1188,8316,Partner,Public Sector
ORD-10329,2026-07-29,Stavanger,Oda Strand,Laptop Air 13,Hardware,10,12490,124900,Web,Public Sector
ORD-10330,2026-07-29,Stavanger,Oda Strand,USB-C Hub,Accessories,2,449,898,Web,Consumer
ORD-10331,2026-07-29,Stavanger,Lars Eide,Office Suite License,Software,3,1188,3564,Web,SMB
ORD-10332,2026-07-29,Tromsø,Mia Foss,Mechanical Keyboard,Accessories,4,990,3960,Phone,SMB
ORD-10333,2026-07-29,Tromsø,Mia Foss,Wireless Headset,Accessories,1,1290,1290,Partner,SMB
ORD-10334,2026-07-30,Oslo,Ingrid Bakke,Onboarding Package,Services,2,7500,15000,Web,SMB
ORD-10335,2026-07-30,Oslo,Emma Solheim,Mechanical Keyboard,Accessories,2,990,1980,Phone,Consumer
ORD-10336,2026-07-30,Oslo,Emma Solheim,Managed Support (month),Services,4,2490,9960,Partner,Consumer
ORD-10337,2026-07-30,Oslo,Ingrid Bakke,USB-C Hub,Accessories,2,449,898,Direct,SMB
ORD-10338,2026-07-30,Oslo,Jonas Berg,Docking Station,Hardware,4,1890,7560,Phone,SMB
ORD-10339,2026-07-30,Oslo,Jonas Berg,Wireless Headset,Accessories,3,1290,3870,Web,Consumer
ORD-10340,2026-07-30,Bergen,Markus Vik,Laptop Pro 14,Hardware,6,18990,113940,Phone,Public Sector
ORD-10341,2026-07-30,Bergen,Sofie Dahl,Managed Support (month),Services,12,2490,29880,Partner,Enterprise
ORD-10342,2026-07-30,Bergen,Sofie Dahl,Cloud Backup 1TB,Services,4,990,3960,Phone,Consumer
ORD-10343,2026-07-30,Trondheim,Nora Lien,Onboarding Package,Services,3,7500,22500,Direct,Consumer
ORD-10344,2026-07-30,Trondheim,Nora Lien,Security Suite License,Software,2,1548,3096,Phone,Consumer
ORD-10345,2026-07-30,Trondheim,Henrik Moen,Security Suite License,Software,3,1548,4644,Web,SMB
ORD-10346,2026-07-30,Trondheim,Henrik Moen,Laptop Pro 14,Hardware,2,18990,37980,Phone,Consumer
ORD-10347,2026-07-30,Stavanger,Lars Eide,Laptop Air 13,Hardware,3,12490,37470,Direct,Public Sector
ORD-10348,2026-07-30,Stavanger,Oda Strand,Office Suite License,Software,4,1188,4752,Direct,SMB
ORD-10349,2026-07-30,Stavanger,Oda Strand,Security Suite License,Software,6,1548,9288,Direct,Enterprise
ORD-10350,2026-07-30,Tromsø,Mia Foss,Laptop Pro 14,Hardware,2,18990,37980,Direct,Public Sector
ORD-10351,2026-07-30,Tromsø,Mia Foss,Onboarding Package,Services,1,7500,7500,Web,SMB
ORD-10352,2026-07-31,Oslo,Jonas Berg,USB-C Hub,Accessories,2,449,898,Direct,SMB
ORD-10353,2026-07-31,Oslo,Jonas Berg,USB-C Hub,Accessories,4,449,1796,Direct,SMB
ORD-10354,2026-07-31,Oslo,Ingrid Bakke,Managed Support (month),Services,2,2490,4980,Partner,Consumer
ORD-10355,2026-07-31,Oslo,Ingrid Bakke,"Monitor 27"" 4K",Hardware,2,4990,9980,Phone,SMB
ORD-10356,2026-07-31,Oslo,Ingrid Bakke,Laptop Pro 14,Hardware,39,18990,740610,Direct,Enterprise
ORD-10357,2026-07-31,Oslo,Ingrid Bakke,Docking Station,Hardware,2,1890,3780,Web,SMB
ORD-10358,2026-07-31,Oslo,Ingrid Bakke,Managed Support (month),Services,1,2490,2490,Phone,Consumer
ORD-10359,2026-07-31,Bergen,Markus Vik,Laptop Air 13,Hardware,1,12490,12490,Direct,SMB
ORD-10360,2026-07-31,Bergen,Markus Vik,Docking Station,Hardware,9,1890,17010,Phone,Public Sector
ORD-10361,2026-07-31,Bergen,Markus Vik,Laptop Pro 14,Hardware,3,18990,56970,Phone,SMB
ORD-10362,2026-07-31,Trondheim,Nora Lien,USB-C Hub,Accessories,5,449,2245,Partner,Public Sector
ORD-10363,2026-07-31,Trondheim,Henrik Moen,Managed Support (month),Services,24,2490,59760,Partner,Enterprise
ORD-10364,2026-07-31,Trondheim,Henrik Moen,Security Suite License,Software,2,1548,3096,Direct,Consumer
ORD-10365,2026-07-31,Stavanger,Lars Eide,Laptop Pro 14,Hardware,4,18990,75960,Partner,Consumer
ORD-10366,2026-07-31,Tromsø,Mia Foss,USB-C Hub,Accessories,4,449,1796,Phone,SMB
ORD-10367,2026-08-01,Oslo,Ingrid Bakke,Wireless Headset,Accessories,4,1290,5160,Web,SMB
ORD-10368,2026-08-01,Trondheim,Henrik Moen,USB-C Hub,Accessories,2,449,898,Partner,SMB
ORD-10369,2026-08-02,Oslo,Emma Solheim,Docking Station,Hardware,4,1890,7560,Web,SMB
ORD-10370,2026-08-02,Trondheim,Henrik Moen,Office Suite License,Software,3,1188,3564,Partner,SMB
ORD-10371,2026-08-03,Oslo,Ingrid Bakke,Onboarding Package,Services,2,7500,15000,Direct,Consumer
ORD-10372,2026-08-03,Oslo,Ingrid Bakke,Onboarding Package,Services,3,7500,22500,Partner,SMB
ORD-10373,2026-08-03,Oslo,Jonas Berg,Mechanical Keyboard,Accessories,34,990,33660,Web,Enterprise
ORD-10374,2026-08-03,Oslo,Emma Solheim,Office Suite License,Software,3,1188,3564,Phone,Consumer
ORD-10375,2026-08-03,Oslo,Jonas Berg,Mechanical Keyboard,Accessories,2,990,1980,Phone,SMB
ORD-10376,2026-08-03,Oslo,Ingrid Bakke,Wireless Headset,Accessories,23,1290,29670,Phone,Enterprise
ORD-10377,2026-08-03,Oslo,Ingrid Bakke,Managed Support (month),Services,4,2490,9960,Partner,Consumer
ORD-10378,2026-08-03,Oslo,Jonas Berg,Office Suite License,Software,4,1188,4752,Direct,Consumer
ORD-10379,2026-08-03,Oslo,Ingrid Bakke,Onboarding Package,Services,4,7500,30000,Phone,SMB
ORD-10380,2026-08-03,Bergen,Markus Vik,Security Suite License,Software,1,1548,1548,Web,SMB
ORD-10381,2026-08-03,Bergen,Markus Vik,USB-C Hub,Accessories,2,449,898,Web,SMB
ORD-10382,2026-08-03,Bergen,Markus Vik,Laptop Pro 14,Hardware,4,18990,75960,Partner,SMB
ORD-10383,2026-08-03,Bergen,Markus Vik,Cloud Backup 1TB,Services,4,990,3960,Direct,Consumer
ORD-10384,2026-08-03,Bergen,Markus Vik,Laptop Pro 14,Hardware,5,18990,94950,Web,Enterprise
ORD-10385,2026-08-03,Bergen,Sofie Dahl,Security Suite License,Software,1,1548,1548,Direct,Consumer
ORD-10386,2026-08-03,Bergen,Markus Vik,Laptop Air 13,Hardware,2,12490,24980,Phone,Consumer
ORD-10387,2026-08-03,Bergen,Markus Vik,Cloud Backup 1TB,Services,3,990,2970,Direct,Consumer
ORD-10388,2026-08-03,Trondheim,Henrik Moen,Mechanical Keyboard,Accessories,4,990,3960,Phone,Consumer
ORD-10389,2026-08-03,Trondheim,Henrik Moen,Wireless Headset,Accessories,12,1290,15480,Web,Public Sector
ORD-10390,2026-08-03,Trondheim,Henrik Moen,USB-C Hub,Accessories,4,449,1796,Web,SMB
ORD-10391,2026-08-03,Trondheim,Henrik Moen,Onboarding Package,Services,4,7500,30000,Direct,SMB
ORD-10392,2026-08-03,Stavanger,Oda Strand,Security Suite License,Software,2,1548,3096,Phone,Consumer
ORD-10393,2026-08-03,Stavanger,Lars Eide,Wireless Headset,Accessories,1,1290,1290,Partner,SMB
ORD-10394,2026-08-03,Stavanger,Oda Strand,"Monitor 27"" 4K",Hardware,3,4990,14970,Web,Consumer
ORD-10395,2026-08-03,Tromsø,Mia Foss,Cloud Backup 1TB,Services,4,990,3960,Web,Consumer
ORD-10396,2026-08-04,Oslo,Emma Solheim,USB-C Hub,Accessories,8,449,3592,Phone,Public Sector
ORD-10397,2026-08-04,Oslo,Emma Solheim,Onboarding Package,Services,3,7500,22500,Web,SMB
ORD-10398,2026-08-04,Oslo,Ingrid Bakke,Laptop Pro 14,Hardware,4,18990,75960,Partner,SMB
ORD-10399,2026-08-04,Oslo,Ingrid Bakke,Onboarding Package,Services,40,7500,300000,Direct,Enterprise
ORD-10400,2026-08-04,Oslo,Jonas Berg,"Monitor 27"" 4K",Hardware,3,4990,14970,Partner,Public Sector
ORD-10401,2026-08-04,Oslo,Ingrid Bakke,Onboarding Package,Services,2,7500,15000,Direct,SMB
ORD-10402,2026-08-04,Oslo,Jonas Berg,Mechanical Keyboard,Accessories,1,990,990,Partner,SMB
ORD-10403,2026-08-04,Oslo,Jonas Berg,Mechanical Keyboard,Accessories,1,990,990,Phone,Consumer
ORD-10404,2026-08-04,Bergen,Markus Vik,"Monitor 27"" 4K",Hardware,4,4990,19960,Web,SMB
ORD-10405,2026-08-04,Bergen,Markus Vik,Laptop Air 13,Hardware,1,12490,12490,Partner,SMB
ORD-10406,2026-08-04,Bergen,Sofie Dahl,Laptop Pro 14,Hardware,4,18990,75960,Web,SMB
ORD-10407,2026-08-04,Bergen,Markus Vik,Cloud Backup 1TB,Services,4,990,3960,Partner,Public Sector
ORD-10408,2026-08-04,Bergen,Sofie Dahl,Wireless Headset,Accessories,15,1290,19350,Direct,Enterprise
ORD-10409,2026-08-04,Bergen,Sofie Dahl,USB-C Hub,Accessories,1,449,449,Partner,SMB
ORD-10410,2026-08-04,Bergen,Sofie Dahl,Docking Station,Hardware,11,1890,20790,Phone,Public Sector
ORD-10411,2026-08-04,Bergen,Sofie Dahl,Laptop Air 13,Hardware,1,12490,12490,Direct,SMB
ORD-10412,2026-08-04,Bergen,Sofie Dahl,Cloud Backup 1TB,Services,4,990,3960,Partner,Consumer
ORD-10413,2026-08-04,Trondheim,Henrik Moen,Wireless Headset,Accessories,2,1290,2580,Direct,SMB
ORD-10414,2026-08-04,Trondheim,Nora Lien,"Monitor 27"" 4K",Hardware,3,4990,14970,Partner,Consumer
ORD-10415,2026-08-04,Stavanger,Lars Eide,USB-C Hub,Accessories,3,449,1347,Direct,SMB
ORD-10416,2026-08-04,Stavanger,Lars Eide,Laptop Air 13,Hardware,2,12490,24980,Phone,Consumer
ORD-10417,2026-08-04,Stavanger,Oda Strand,Onboarding Package,Services,33,7500,247500,Partner,Enterprise
ORD-10418,2026-08-04,Stavanger,Oda Strand,USB-C Hub,Accessories,12,449,5388,Partner,Public Sector
ORD-10419,2026-08-04,Stavanger,Oda Strand,Wireless Headset,Accessories,14,1290,18060,Direct,Public Sector
ORD-10420,2026-08-04,Tromsø,Mia Foss,Cloud Backup 1TB,Services,39,990,38610,Web,Enterprise
ORD-10421,2026-08-04,Tromsø,Mia Foss,Onboarding Package,Services,1,7500,7500,Web,Consumer
ORD-10422,2026-08-04,Tromsø,Mia Foss,Managed Support (month),Services,12,2490,29880,Web,Public Sector
ORD-10423,2026-08-04,Tromsø,Mia Foss,Mechanical Keyboard,Accessories,4,990,3960,Web,Consumer
ORD-10424,2026-08-05,Oslo,Ingrid Bakke,Managed Support (month),Services,9,2490,22410,Partner,Public Sector
ORD-10425,2026-08-05,Oslo,Jonas Berg,Office Suite License,Software,2,1188,2376,Partner,Consumer
ORD-10426,2026-08-05,Oslo,Ingrid Bakke,Onboarding Package,Services,1,7500,7500,Web,Consumer
ORD-10427,2026-08-05,Oslo,Emma Solheim,"Monitor 27"" 4K",Hardware,3,4990,14970,Direct,SMB
ORD-10428,2026-08-05,Oslo,Ingrid Bakke,Security Suite License,Software,33,1548,51084,Partner,Enterprise
ORD-10429,2026-08-05,Oslo,Ingrid Bakke,Managed Support (month),Services,3,2490,7470,Web,SMB
ORD-10430,2026-08-05,Oslo,Emma Solheim,"Monitor 27"" 4K",Hardware,2,4990,9980,Phone,Consumer
ORD-10431,2026-08-05,Oslo,Emma Solheim,"Monitor 27"" 4K",Hardware,4,4990,19960,Direct,SMB
ORD-10432,2026-08-05,Oslo,Ingrid Bakke,USB-C Hub,Accessories,4,449,1796,Direct,SMB
ORD-10433,2026-08-05,Oslo,Ingrid Bakke,Onboarding Package,Services,4,7500,30000,Direct,SMB
ORD-10434,2026-08-05,Oslo,Ingrid Bakke,Onboarding Package,Services,1,7500,7500,Web,Consumer
ORD-10435,2026-08-05,Oslo,Emma Solheim,"Monitor 27"" 4K",Hardware,2,4990,9980,Direct,SMB
ORD-10436,2026-08-05,Oslo,Ingrid Bakke,Wireless Headset,Accessories,29,1290,37410,Direct,Enterprise
ORD-10437,2026-08-05,Bergen,Sofie Dahl,Cloud Backup 1TB,Services,11,990,10890,Web,Public Sector
ORD-10438,2026-08-05,Bergen,Markus Vik,Mechanical Keyboard,Accessories,3,990,2970,Web,SMB
ORD-10439,2026-08-05,Bergen,Markus Vik,Mechanical Keyboard,Accessories,8,990,7920,Phone,Public Sector
ORD-10440,2026-08-05,Bergen,Sofie Dahl,USB-C Hub,Accessories,2,449,898,Phone,SMB
ORD-10441,2026-08-05,Trondheim,Nora Lien,Wireless Headset,Accessories,3,1290,3870,Direct,SMB
ORD-10442,2026-08-05,Trondheim,Henrik Moen,Mechanical Keyboard,Accessories,4,990,3960,Phone,Consumer
ORD-10443,2026-08-05,Trondheim,Henrik Moen,USB-C Hub,Accessories,4,449,1796,Direct,Consumer
ORD-10444,2026-08-05,Trondheim,Nora Lien,USB-C Hub,Accessories,9,449,4041,Phone,Public Sector
ORD-10445,2026-08-05,Stavanger,Oda Strand,Wireless Headset,Accessories,2,1290,2580,Partner,SMB
ORD-10446,2026-08-05,Stavanger,Oda Strand,Office Suite License,Software,40,1188,47520,Web,Enterprise
ORD-10447,2026-08-05,Stavanger,Oda Strand,Wireless Headset,Accessories,3,1290,3870,Web,Consumer
ORD-10448,2026-08-05,Stavanger,Lars Eide,Security Suite License,Software,4,1548,6192,Web,SMB
ORD-10449,2026-08-05,Tromsø,Mia Foss,Wireless Headset,Accessories,1,1290,1290,Direct,Consumer
ORD-10450,2026-08-05,Tromsø,Mia Foss,Mechanical Keyboard,Accessories,1,990,990,Direct,Consumer
ORD-10451,2026-08-06,Oslo,Ingrid Bakke,Docking Station,Hardware,32,1890,60480,Phone,Enterprise
ORD-10452,2026-08-06,Oslo,Emma Solheim,"Monitor 27"" 4K",Hardware,2,4990,9980,Web,Consumer
ORD-10453,2026-08-06,Oslo,Emma Solheim,Mechanical Keyboard,Accessories,25,990,24750,Partner,Enterprise
ORD-10454,2026-08-06,Oslo,Jonas Berg,Cloud Backup 1TB,Services,1,990,990,Phone,Consumer
ORD-10455,2026-08-06,Oslo,Jonas Berg,Laptop Pro 14,Hardware,2,18990,37980,Phone,Consumer
ORD-10456,2026-08-06,Oslo,Ingrid Bakke,"Monitor 27"" 4K",Hardware,4,4990,19960,Direct,Consumer
ORD-10457,2026-08-06,Oslo,Ingrid Bakke,Cloud Backup 1TB,Services,1,990,990,Web,SMB
ORD-10458,2026-08-06,Oslo,Jonas Berg,Security Suite License,Software,9,1548,13932,Direct,Public Sector
ORD-10459,2026-08-06,Oslo,Jonas Berg,Cloud Backup 1TB,Services,1,990,990,Direct,Consumer
ORD-10460,2026-08-06,Oslo,Emma Solheim,Managed Support (month),Services,14,2490,34860,Direct,Public Sector
ORD-10461,2026-08-06,Bergen,Markus Vik,USB-C Hub,Accessories,4,449,1796,Partner,Consumer
ORD-10462,2026-08-06,Bergen,Sofie Dahl,Wireless Headset,Accessories,2,1290,2580,Direct,SMB
ORD-10463,2026-08-06,Bergen,Sofie Dahl,Managed Support (month),Services,1,2490,2490,Web,Consumer
ORD-10464,2026-08-06,Bergen,Sofie Dahl,Laptop Pro 14,Hardware,2,18990,37980,Direct,SMB
ORD-10465,2026-08-06,Bergen,Sofie Dahl,Laptop Pro 14,Hardware,4,18990,75960,Phone,Consumer
ORD-10466,2026-08-06,Trondheim,Nora Lien,"Monitor 27"" 4K",Hardware,3,4990,14970,Web,Consumer
ORD-10467,2026-08-06,Trondheim,Nora Lien,Wireless Headset,Accessories,2,1290,2580,Web,SMB
ORD-10468,2026-08-06,Trondheim,Nora Lien,Managed Support (month),Services,2,2490,4980,Direct,SMB
ORD-10469,2026-08-06,Trondheim,Henrik Moen,Onboarding Package,Services,2,7500,15000,Direct,SMB
ORD-10470,2026-08-06,Trondheim,Henrik Moen,"Monitor 27"" 4K",Hardware,5,4990,24950,Web,Enterprise
ORD-10471,2026-08-06,Trondheim,Nora Lien,Laptop Air 13,Hardware,4,12490,49960,Phone,Consumer
ORD-10472,2026-08-06,Trondheim,Nora Lien,Laptop Air 13,Hardware,1,12490,12490,Web,SMB
ORD-10473,2026-08-06,Trondheim,Henrik Moen,Mechanical Keyboard,Accessories,3,990,2970,Phone,SMB
ORD-10474,2026-08-06,Stavanger,Lars Eide,"Monitor 27"" 4K",Hardware,3,4990,14970,Web,Public Sector
ORD-10475,2026-08-06,Stavanger,Oda Strand,Office Suite License,Software,2,1188,2376,Phone,SMB
ORD-10476,2026-08-06,Stavanger,Lars Eide,Cloud Backup 1TB,Services,1,990,990,Web,Consumer
ORD-10477,2026-08-06,Tromsø,Mia Foss,Mechanical Keyboard,Accessories,3,990,2970,Phone,Consumer
ORD-10478,2026-08-06,Tromsø,Mia Foss,Wireless Headset,Accessories,10,1290,12900,Partner,Public Sector
ORD-10479,2026-08-07,Oslo,Emma Solheim,Laptop Pro 14,Hardware,3,18990,56970,Phone,Consumer
ORD-10480,2026-08-07,Oslo,Emma Solheim,Cloud Backup 1TB,Services,12,990,11880,Web,Public Sector
ORD-10481,2026-08-07,Oslo,Ingrid Bakke,Laptop Pro 14,Hardware,38,18990,721620,Web,Enterprise
ORD-10482,2026-08-07,Oslo,Jonas Berg,Mechanical Keyboard,Accessories,4,990,3960,Partner,SMB
ORD-10483,2026-08-07,Oslo,Emma Solheim,Managed Support (month),Services,4,2490,9960,Web,SMB
ORD-10484,2026-08-07,Oslo,Ingrid Bakke,Onboarding Package,Services,1,7500,7500,Direct,SMB
ORD-10485,2026-08-07,Oslo,Emma Solheim,Wireless Headset,Accessories,8,1290,10320,Direct,Public Sector
ORD-10486,2026-08-07,Oslo,Ingrid Bakke,Managed Support (month),Services,3,2490,7470,Partner,Public Sector
ORD-10487,2026-08-07,Oslo,Ingrid Bakke,Security Suite License,Software,2,1548,3096,Partner,Consumer
ORD-10488,2026-08-07,Bergen,Markus Vik,Wireless Headset,Accessories,2,1290,2580,Phone,Public Sector
ORD-10489,2026-08-07,Bergen,Markus Vik,USB-C Hub,Accessories,1,449,449,Partner,SMB
ORD-10490,2026-08-07,Bergen,Markus Vik,Laptop Air 13,Hardware,2,12490,24980,Web,SMB
ORD-10491,2026-08-07,Trondheim,Henrik Moen,Office Suite License,Software,3,1188,3564,Phone,Consumer
ORD-10492,2026-08-07,Trondheim,Nora Lien,"Monitor 27"" 4K",Hardware,13,4990,64870,Web,Public Sector
ORD-10493,2026-08-07,Trondheim,Henrik Moen,Mechanical Keyboard,Accessories,3,990,2970,Web,Consumer
ORD-10494,2026-08-07,Trondheim,Nora Lien,Onboarding Package,Services,1,7500,7500,Direct,Consumer
ORD-10495,2026-08-07,Trondheim,Nora Lien,Security Suite License,Software,4,1548,6192,Phone,SMB
ORD-10496,2026-08-07,Trondheim,Nora Lien,"Monitor 27"" 4K",Hardware,1,4990,4990,Web,SMB
ORD-10497,2026-08-07,Stavanger,Oda Strand,Laptop Pro 14,Hardware,4,18990,75960,Partner,SMB
ORD-10498,2026-08-07,Stavanger,Lars Eide,"Monitor 27"" 4K",Hardware,1,4990,4990,Direct,SMB
ORD-10499,2026-08-07,Stavanger,Oda Strand,Mechanical Keyboard,Accessories,3,990,2970,Partner,SMB
ORD-10500,2026-08-07,Stavanger,Oda Strand,Cloud Backup 1TB,Services,16,990,15840,Phone,Enterprise
ORD-10501,2026-08-07,Tromsø,Mia Foss,USB-C Hub,Accessories,4,449,1796,Partner,SMB
ORD-10502,2026-08-07,Tromsø,Mia Foss,Mechanical Keyboard,Accessories,4,990,3960,Web,SMB
ORD-10503,2026-08-07,Tromsø,Mia Foss,Docking Station,Hardware,3,1890,5670,Phone,SMB
ORD-10504,2026-08-08,Oslo,Jonas Berg,Docking Station,Hardware,4,1890,7560,Web,Public Sector
ORD-10505,2026-08-08,Bergen,Sofie Dahl,Laptop Pro 14,Hardware,3,18990,56970,Web,SMB
ORD-10506,2026-08-08,Bergen,Sofie Dahl,Laptop Pro 14,Hardware,4,18990,75960,Partner,Consumer
ORD-10507,2026-08-08,Trondheim,Henrik Moen,USB-C Hub,Accessories,14,449,6286,Partner,Enterprise
ORD-10508,2026-08-08,Trondheim,Henrik Moen,Laptop Pro 14,Hardware,4,18990,75960,Partner,Consumer
ORD-10509,2026-08-08,Stavanger,Lars Eide,Onboarding Package,Services,1,7500,7500,Phone,SMB
ORD-10510,2026-08-09,Oslo,Emma Solheim,Cloud Backup 1TB,Services,5,990,4950,Partner,Public Sector
ORD-10511,2026-08-09,Bergen,Sofie Dahl,Onboarding Package,Services,3,7500,22500,Partner,Consumer
ORD-10512,2026-08-09,Trondheim,Nora Lien,Wireless Headset,Accessories,2,1290,2580,Phone,SMB
ORD-10513,2026-08-10,Oslo,Jonas Berg,Mechanical Keyboard,Accessories,3,990,2970,Phone,SMB
ORD-10514,2026-08-10,Oslo,Jonas Berg,Wireless Headset,Accessories,10,1290,12900,Phone,Enterprise
ORD-10515,2026-08-10,Oslo,Emma Solheim,Wireless Headset,Accessories,1,1290,1290,Phone,Consumer
ORD-10516,2026-08-10,Oslo,Jonas Berg,"Monitor 27"" 4K",Hardware,2,4990,9980,Partner,SMB
ORD-10517,2026-08-10,Oslo,Jonas Berg,Security Suite License,Software,3,1548,4644,Partner,SMB
ORD-10518,2026-08-10,Oslo,Ingrid Bakke,Laptop Pro 14,Hardware,2,18990,37980,Web,Consumer
ORD-10519,2026-08-10,Oslo,Jonas Berg,Laptop Air 13,Hardware,2,12490,24980,Web,Consumer
ORD-10520,2026-08-10,Oslo,Ingrid Bakke,Laptop Pro 14,Hardware,2,18990,37980,Phone,Consumer
ORD-10521,2026-08-10,Oslo,Jonas Berg,Mechanical Keyboard,Accessories,11,990,10890,Partner,Public Sector
ORD-10522,2026-08-10,Oslo,Ingrid Bakke,Laptop Pro 14,Hardware,4,18990,75960,Phone,SMB
ORD-10523,2026-08-10,Bergen,Markus Vik,Mechanical Keyboard,Accessories,4,990,3960,Web,SMB
ORD-10524,2026-08-10,Bergen,Markus Vik,Cloud Backup 1TB,Services,2,990,1980,Direct,Public Sector
ORD-10525,2026-08-10,Bergen,Sofie Dahl,"Monitor 27"" 4K",Hardware,2,4990,9980,Partner,SMB
ORD-10526,2026-08-10,Bergen,Sofie Dahl,Office Suite License,Software,1,1188,1188,Phone,Consumer
ORD-10527,2026-08-10,Bergen,Sofie Dahl,Office Suite License,Software,4,1188,4752,Web,SMB
ORD-10528,2026-08-10,Bergen,Markus Vik,Wireless Headset,Accessories,4,1290,5160,Phone,SMB
ORD-10529,2026-08-10,Bergen,Markus Vik,Managed Support (month),Services,1,2490,2490,Direct,Consumer
ORD-10530,2026-08-10,Trondheim,Nora Lien,Mechanical Keyboard,Accessories,3,990,2970,Direct,Consumer
ORD-10531,2026-08-10,Trondheim,Nora Lien,"Monitor 27"" 4K",Hardware,2,4990,9980,Web,SMB
ORD-10532,2026-08-10,Trondheim,Nora Lien,Laptop Pro 14,Hardware,4,18990,75960,Partner,Consumer
ORD-10533,2026-08-10,Trondheim,Henrik Moen,"Monitor 27"" 4K",Hardware,2,4990,9980,Partner,SMB
ORD-10534,2026-08-10,Trondheim,Henrik Moen,Docking Station,Hardware,27,1890,51030,Phone,Enterprise
ORD-10535,2026-08-10,Stavanger,Oda Strand,Docking Station,Hardware,6,1890,11340,Partner,Enterprise
ORD-10536,2026-08-10,Stavanger,Oda Strand,USB-C Hub,Accessories,4,449,1796,Partner,Consumer
ORD-10537,2026-08-10,Tromsø,Mia Foss,Docking Station,Hardware,10,1890,18900,Direct,Public Sector
ORD-10538,2026-08-10,Tromsø,Mia Foss,Mechanical Keyboard,Accessories,2,990,1980,Phone,Consumer
ORD-10539,2026-08-11,Oslo,Jonas Berg,Onboarding Package,Services,3,7500,22500,Web,SMB
ORD-10540,2026-08-11,Oslo,Ingrid Bakke,"Monitor 27"" 4K",Hardware,1,4990,4990,Partner,Consumer
ORD-10541,2026-08-11,Oslo,Ingrid Bakke,Mechanical Keyboard,Accessories,7,990,6930,Partner,Public Sector
ORD-10542,2026-08-11,Oslo,Jonas Berg,"Monitor 27"" 4K",Hardware,4,4990,19960,Direct,Consumer
ORD-10543,2026-08-11,Oslo,Emma Solheim,Mechanical Keyboard,Accessories,3,990,2970,Phone,SMB
ORD-10544,2026-08-11,Oslo,Emma Solheim,USB-C Hub,Accessories,3,449,1347,Phone,SMB
ORD-10545,2026-08-11,Oslo,Ingrid Bakke,Managed Support (month),Services,4,2490,9960,Web,Consumer
ORD-10546,2026-08-11,Oslo,Ingrid Bakke,Managed Support (month),Services,1,2490,2490,Direct,SMB
ORD-10547,2026-08-11,Oslo,Ingrid Bakke,Mechanical Keyboard,Accessories,3,990,2970,Phone,SMB
ORD-10548,2026-08-11,Oslo,Emma Solheim,Laptop Air 13,Hardware,3,12490,37470,Direct,Consumer
ORD-10549,2026-08-11,Bergen,Markus Vik,Mechanical Keyboard,Accessories,1,990,990,Web,SMB
ORD-10550,2026-08-11,Bergen,Markus Vik,USB-C Hub,Accessories,4,449,1796,Phone,SMB
ORD-10551,2026-08-11,Bergen,Sofie Dahl,Office Suite License,Software,3,1188,3564,Direct,Consumer
ORD-10552,2026-08-11,Bergen,Markus Vik,Office Suite License,Software,2,1188,2376,Phone,Consumer
ORD-10553,2026-08-11,Bergen,Sofie Dahl,Laptop Air 13,Hardware,1,12490,12490,Partner,Consumer
ORD-10554,2026-08-11,Bergen,Markus Vik,Mechanical Keyboard,Accessories,1,990,990,Web,SMB
ORD-10555,2026-08-11,Bergen,Sofie Dahl,"Monitor 27"" 4K",Hardware,2,4990,9980,Web,Consumer
ORD-10556,2026-08-11,Trondheim,Henrik Moen,Mechanical Keyboard,Accessories,6,990,5940,Direct,Enterprise
ORD-10557,2026-08-11,Trondheim,Henrik Moen,USB-C Hub,Accessories,1,449,449,Partner,SMB
ORD-10558,2026-08-11,Trondheim,Henrik Moen,Docking Station,Hardware,3,1890,5670,Partner,SMB
ORD-10559,2026-08-11,Trondheim,Nora Lien,Docking Station,Hardware,4,1890,7560,Direct,SMB
ORD-10560,2026-08-11,Trondheim,Henrik Moen,Laptop Pro 14,Hardware,4,18990,75960,Web,SMB
ORD-10561,2026-08-11,Stavanger,Lars Eide,Docking Station,Hardware,2,1890,3780,Phone,SMB
ORD-10562,2026-08-11,Stavanger,Lars Eide,Laptop Air 13,Hardware,24,12490,299760,Direct,Enterprise
ORD-10563,2026-08-11,Stavanger,Lars Eide,Office Suite License,Software,3,1188,3564,Web,Consumer
ORD-10564,2026-08-11,Tromsø,Mia Foss,"Monitor 27"" 4K",Hardware,4,4990,19960,Partner,SMB
ORD-10565,2026-08-11,Tromsø,Mia Foss,Office Suite License,Software,4,1188,4752,Direct,SMB
ORD-10566,2026-08-11,Tromsø,Mia Foss,Docking Station,Hardware,1,1890,1890,Phone,Consumer
ORD-10567,2026-08-12,Oslo,Ingrid Bakke,Managed Support (month),Services,2,2490,4980,Web,SMB
ORD-10568,2026-08-12,Oslo,Jonas Berg,Security Suite License,Software,4,1548,6192,Phone,SMB
ORD-10569,2026-08-12,Oslo,Jonas Berg,Wireless Headset,Accessories,1,1290,1290,Phone,SMB
ORD-10570,2026-08-12,Oslo,Ingrid Bakke,Laptop Pro 14,Hardware,2,18990,37980,Phone,Consumer
ORD-10571,2026-08-12,Oslo,Ingrid Bakke,Managed Support (month),Services,2,2490,4980,Partner,SMB
ORD-10572,2026-08-12,Oslo,Jonas Berg,Onboarding Package,Services,1,7500,7500,Web,Consumer
ORD-10573,2026-08-12,Oslo,Jonas Berg,Security Suite License,Software,3,1548,4644,Partner,SMB
ORD-10574,2026-08-12,Oslo,Emma Solheim,Office Suite License,Software,1,1188,1188,Direct,Consumer
ORD-10575,2026-08-12,Oslo,Ingrid Bakke,Managed Support (month),Services,11,2490,27390,Web,Enterprise
ORD-10576,2026-08-12,Bergen,Sofie Dahl,Security Suite License,Software,4,1548,6192,Partner,Consumer
ORD-10577,2026-08-12,Bergen,Sofie Dahl,Managed Support (month),Services,7,2490,17430,Phone,Enterprise
ORD-10578,2026-08-12,Trondheim,Nora Lien,Laptop Pro 14,Hardware,3,18990,56970,Phone,SMB
ORD-10579,2026-08-12,Trondheim,Henrik Moen,Onboarding Package,Services,28,7500,210000,Web,Enterprise
ORD-10580,2026-08-12,Trondheim,Nora Lien,Wireless Headset,Accessories,4,1290,5160,Web,SMB
ORD-10581,2026-08-12,Trondheim,Henrik Moen,"Monitor 27"" 4K",Hardware,4,4990,19960,Partner,SMB
ORD-10582,2026-08-12,Trondheim,Nora Lien,Onboarding Package,Services,1,7500,7500,Phone,SMB
ORD-10583,2026-08-12,Stavanger,Lars Eide,Docking Station,Hardware,4,1890,7560,Direct,Consumer
ORD-10584,2026-08-12,Stavanger,Lars Eide,Laptop Pro 14,Hardware,9,18990,170910,Partner,Enterprise
ORD-10585,2026-08-12,Stavanger,Lars Eide,"Monitor 27"" 4K",Hardware,1,4990,4990,Phone,Consumer
ORD-10586,2026-08-12,Stavanger,Oda Strand,Docking Station,Hardware,2,1890,3780,Web,Consumer
ORD-10587,2026-08-12,Stavanger,Lars Eide,Laptop Pro 14,Hardware,2,18990,37980,Partner,Consumer
ORD-10588,2026-08-12,Tromsø,Mia Foss,Managed Support (month),Services,1,2490,2490,Phone,Consumer
ORD-10589,2026-08-13,Oslo,Jonas Berg,Office Suite License,Software,35,1188,41580,Partner,Enterprise
ORD-10590,2026-08-13,Oslo,Jonas Berg,"Monitor 27"" 4K",Hardware,3,4990,14970,Web,Consumer
ORD-10591,2026-08-13,Oslo,Jonas Berg,Laptop Pro 14,Hardware,2,18990,37980,Phone,SMB
ORD-10592,2026-08-13,Oslo,Ingrid Bakke,Laptop Pro 14,Hardware,4,18990,75960,Web,SMB
ORD-10593,2026-08-13,Oslo,Emma Solheim,Laptop Pro 14,Hardware,16,18990,303840,Web,Enterprise
ORD-10594,2026-08-13,Oslo,Ingrid Bakke,Wireless Headset,Accessories,3,1290,3870,Direct,Consumer
ORD-10595,2026-08-13,Oslo,Jonas Berg,Mechanical Keyboard,Accessories,34,990,33660,Partner,Enterprise
ORD-10596,2026-08-13,Oslo,Emma Solheim,Security Suite License,Software,4,1548,6192,Web,Consumer
ORD-10597,2026-08-13,Oslo,Ingrid Bakke,Security Suite License,Software,3,1548,4644,Partner,Consumer
ORD-10598,2026-08-13,Oslo,Jonas Berg,Managed Support (month),Services,1,2490,2490,Partner,SMB
ORD-10599,2026-08-13,Oslo,Jonas Berg,Managed Support (month),Services,3,2490,7470,Partner,SMB
ORD-10600,2026-08-13,Bergen,Sofie Dahl,Docking Station,Hardware,2,1890,3780,Web,SMB
ORD-10601,2026-08-13,Bergen,Sofie Dahl,Managed Support (month),Services,2,2490,4980,Web,SMB
ORD-10602,2026-08-13,Bergen,Sofie Dahl,Wireless Headset,Accessories,4,1290,5160,Direct,SMB
ORD-10603,2026-08-13,Trondheim,Nora Lien,Onboarding Package,Services,2,7500,15000,Partner,SMB
ORD-10604,2026-08-13,Stavanger,Lars Eide,Managed Support (month),Services,3,2490,7470,Phone,SMB
ORD-10605,2026-08-13,Stavanger,Oda Strand,Wireless Headset,Accessories,2,1290,2580,Partner,SMB
ORD-10606,2026-08-13,Stavanger,Oda Strand,Managed Support (month),Services,1,2490,2490,Phone,Consumer
ORD-10607,2026-08-13,Tromsø,Mia Foss,Docking Station,Hardware,8,1890,15120,Partner,Public Sector
ORD-10608,2026-08-14,Oslo,Jonas Berg,Laptop Air 13,Hardware,35,12490,437150,Phone,Enterprise
ORD-10609,2026-08-14,Oslo,Emma Solheim,Laptop Air 13,Hardware,4,12490,49960,Partner,Consumer
ORD-10610,2026-08-14,Oslo,Jonas Berg,Laptop Pro 14,Hardware,2,18990,37980,Phone,Consumer
ORD-10611,2026-08-14,Oslo,Ingrid Bakke,Mechanical Keyboard,Accessories,14,990,13860,Partner,Enterprise
ORD-10612,2026-08-14,Oslo,Emma Solheim,"Monitor 27"" 4K",Hardware,4,4990,19960,Partner,Consumer
ORD-10613,2026-08-14,Bergen,Markus Vik,Mechanical Keyboard,Accessories,9,990,8910,Partner,Public Sector
ORD-10614,2026-08-14,Bergen,Markus Vik,"Monitor 27"" 4K",Hardware,36,4990,179640,Web,Enterprise
ORD-10615,2026-08-14,Bergen,Markus Vik,Cloud Backup 1TB,Services,4,990,3960,Direct,SMB
ORD-10616,2026-08-14,Bergen,Sofie Dahl,Laptop Pro 14,Hardware,2,18990,37980,Partner,SMB
ORD-10617,2026-08-14,Bergen,Markus Vik,Mechanical Keyboard,Accessories,2,990,1980,Web,Consumer
ORD-10618,2026-08-14,Bergen,Markus Vik,Managed Support (month),Services,13,2490,32370,Partner,Public Sector
ORD-10619,2026-08-14,Bergen,Sofie Dahl,"Monitor 27"" 4K",Hardware,3,4990,14970,Phone,SMB
ORD-10620,2026-08-14,Trondheim,Nora Lien,Office Suite License,Software,8,1188,9504,Phone,Public Sector
ORD-10621,2026-08-14,Trondheim,Nora Lien,Office Suite License,Software,2,1188,2376,Phone,SMB
ORD-10622,2026-08-14,Trondheim,Nora Lien,Laptop Pro 14,Hardware,2,18990,37980,Phone,SMB
ORD-10623,2026-08-14,Trondheim,Henrik Moen,Cloud Backup 1TB,Services,1,990,990,Direct,SMB
ORD-10624,2026-08-14,Trondheim,Nora Lien,Security Suite License,Software,12,1548,18576,Web,Public Sector
ORD-10625,2026-08-14,Stavanger,Oda Strand,Laptop Pro 14,Hardware,9,18990,170910,Direct,Public Sector
ORD-10626,2026-08-14,Stavanger,Oda Strand,Security Suite License,Software,2,1548,3096,Phone,SMB
ORD-10627,2026-08-14,Stavanger,Oda Strand,Wireless Headset,Accessories,1,1290,1290,Partner,SMB
ORD-10628,2026-08-14,Stavanger,Oda Strand,USB-C Hub,Accessories,1,449,449,Web,Consumer
ORD-10629,2026-08-14,Tromsø,Mia Foss,Docking Station,Hardware,15,1890,28350,Phone,Public Sector
ORD-10630,2026-08-15,Oslo,Jonas Berg,Onboarding Package,Services,2,7500,15000,Web,SMB
ORD-10631,2026-08-15,Oslo,Emma Solheim,Office Suite License,Software,4,1188,4752,Partner,Consumer
ORD-10632,2026-08-15,Oslo,Ingrid Bakke,Laptop Pro 14,Hardware,4,18990,75960,Phone,Consumer
ORD-10633,2026-08-15,Oslo,Ingrid Bakke,Managed Support (month),Services,3,2490,7470,Phone,SMB
ORD-10634,2026-08-15,Trondheim,Nora Lien,Office Suite License,Software,2,1188,2376,Web,SMB
ORD-10635,2026-08-15,Trondheim,Nora Lien,Mechanical Keyboard,Accessories,3,990,2970,Direct,Consumer
ORD-10636,2026-08-15,Stavanger,Oda Strand,Laptop Pro 14,Hardware,2,18990,37980,Partner,Consumer
ORD-10637,2026-08-16,Oslo,Emma Solheim,Wireless Headset,Accessories,1,1290,1290,Partner,Consumer
ORD-10638,2026-08-16,Bergen,Sofie Dahl,"Monitor 27"" 4K",Hardware,4,4990,19960,Direct,SMB
ORD-10639,2026-08-16,Stavanger,Lars Eide,USB-C Hub,Accessories,3,449,1347,Phone,Public Sector
ORD-10640,2026-08-17,Oslo,Ingrid Bakke,Laptop Air 13,Hardware,16,12490,199840,Direct,Enterprise
ORD-10641,2026-08-17,Oslo,Jonas Berg,Cloud Backup 1TB,Services,9,990,8910,Direct,Public Sector
ORD-10642,2026-08-17,Oslo,Ingrid Bakke,USB-C Hub,Accessories,3,449,1347,Web,SMB
ORD-10643,2026-08-17,Oslo,Emma Solheim,Managed Support (month),Services,26,2490,64740,Web,Enterprise
ORD-10644,2026-08-17,Oslo,Jonas Berg,Managed Support (month),Services,7,2490,17430,Direct,Public Sector
ORD-10645,2026-08-17,Oslo,Ingrid Bakke,Security Suite License,Software,12,1548,18576,Phone,Public Sector
ORD-10646,2026-08-17,Oslo,Emma Solheim,Office Suite License,Software,2,1188,2376,Web,Consumer
ORD-10647,2026-08-17,Oslo,Jonas Berg,Mechanical Keyboard,Accessories,3,990,2970,Web,SMB
ORD-10648,2026-08-17,Bergen,Sofie Dahl,USB-C Hub,Accessories,1,449,449,Direct,Consumer
ORD-10649,2026-08-17,Bergen,Sofie Dahl,Cloud Backup 1TB,Services,4,990,3960,Partner,Consumer
ORD-10650,2026-08-17,Bergen,Markus Vik,Office Suite License,Software,3,1188,3564,Direct,Public Sector
ORD-10651,2026-08-17,Trondheim,Nora Lien,Laptop Pro 14,Hardware,10,18990,189900,Partner,Enterprise
ORD-10652,2026-08-17,Trondheim,Henrik Moen,Managed Support (month),Services,7,2490,17430,Web,Public Sector
ORD-10653,2026-08-17,Trondheim,Henrik Moen,Office Suite License,Software,4,1188,4752,Partner,SMB
ORD-10654,2026-08-17,Trondheim,Nora Lien,Laptop Air 13,Hardware,2,12490,24980,Web,SMB
ORD-10655,2026-08-17,Trondheim,Nora Lien,Mechanical Keyboard,Accessories,3,990,2970,Partner,Consumer
ORD-10656,2026-08-17,Stavanger,Oda Strand,Office Suite License,Software,4,1188,4752,Web,SMB
ORD-10657,2026-08-17,Stavanger,Lars Eide,Cloud Backup 1TB,Services,4,990,3960,Phone,SMB
ORD-10658,2026-08-17,Stavanger,Lars Eide,Docking Station,Hardware,14,1890,26460,Direct,Public Sector
ORD-10659,2026-08-17,Stavanger,Oda Strand,Managed Support (month),Services,1,2490,2490,Direct,Consumer
ORD-10660,2026-08-17,Tromsø,Mia Foss,Managed Support (month),Services,36,2490,89640,Web,Enterprise
ORD-10661,2026-08-17,Tromsø,Mia Foss,Security Suite License,Software,4,1548,6192,Phone,Consumer
ORD-10662,2026-08-18,Oslo,Ingrid Bakke,Managed Support (month),Services,10,2490,24900,Direct,Public Sector
ORD-10663,2026-08-18,Oslo,Jonas Berg,USB-C Hub,Accessories,3,449,1347,Direct,Consumer
ORD-10664,2026-08-18,Oslo,Jonas Berg,Wireless Headset,Accessories,13,1290,16770,Direct,Enterprise
ORD-10665,2026-08-18,Oslo,Emma Solheim,Onboarding Package,Services,3,7500,22500,Partner,Consumer
ORD-10666,2026-08-18,Oslo,Emma Solheim,Onboarding Package,Services,2,7500,15000,Phone,Consumer
ORD-10667,2026-08-18,Oslo,Ingrid Bakke,Cloud Backup 1TB,Services,2,990,1980,Phone,Consumer
ORD-10668,2026-08-18,Oslo,Emma Solheim,Security Suite License,Software,13,1548,20124,Web,Public Sector
ORD-10669,2026-08-18,Oslo,Jonas Berg,Security Suite License,Software,39,1548,60372,Partner,Enterprise
ORD-10670,2026-08-18,Oslo,Jonas Berg,Laptop Pro 14,Hardware,29,18990,550710,Phone,Enterprise
ORD-10671,2026-08-18,Bergen,Markus Vik,Managed Support (month),Services,3,2490,7470,Phone,SMB
ORD-10672,2026-08-18,Bergen,Sofie Dahl,Managed Support (month),Services,1,2490,2490,Partner,SMB
ORD-10673,2026-08-18,Bergen,Markus Vik,Security Suite License,Software,4,1548,6192,Web,SMB
ORD-10674,2026-08-18,Bergen,Markus Vik,Onboarding Package,Services,5,7500,37500,Partner,Public Sector
ORD-10675,2026-08-18,Bergen,Markus Vik,USB-C Hub,Accessories,3,449,1347,Web,SMB
ORD-10676,2026-08-18,Trondheim,Nora Lien,Docking Station,Hardware,3,1890,5670,Phone,Consumer
ORD-10677,2026-08-18,Trondheim,Henrik Moen,Wireless Headset,Accessories,1,1290,1290,Phone,SMB
ORD-10678,2026-08-18,Trondheim,Henrik Moen,Onboarding Package,Services,7,7500,52500,Direct,Enterprise
ORD-10679,2026-08-18,Trondheim,Nora Lien,Security Suite License,Software,2,1548,3096,Partner,SMB
ORD-10680,2026-08-18,Trondheim,Henrik Moen,Mechanical Keyboard,Accessories,7,990,6930,Phone,Enterprise
ORD-10681,2026-08-18,Trondheim,Nora Lien,Cloud Backup 1TB,Services,3,990,2970,Direct,Consumer
ORD-10682,2026-08-18,Stavanger,Lars Eide,Laptop Air 13,Hardware,3,12490,37470,Phone,Consumer
ORD-10683,2026-08-18,Stavanger,Oda Strand,Security Suite License,Software,2,1548,3096,Direct,SMB
ORD-10684,2026-08-18,Stavanger,Lars Eide,Laptop Air 13,Hardware,2,12490,24980,Partner,SMB
ORD-10685,2026-08-18,Stavanger,Lars Eide,Mechanical Keyboard,Accessories,4,990,3960,Web,SMB
ORD-10686,2026-08-18,Tromsø,Mia Foss,Managed Support (month),Services,2,2490,4980,Partner,Public Sector
ORD-10687,2026-08-18,Tromsø,Mia Foss,Laptop Air 13,Hardware,3,12490,37470,Web,SMB
ORD-10688,2026-08-18,Tromsø,Mia Foss,Security Suite License,Software,4,1548,6192,Direct,Consumer
ORD-10689,2026-08-19,Oslo,Ingrid Bakke,Wireless Headset,Accessories,1,1290,1290,Web,SMB
ORD-10690,2026-08-19,Oslo,Ingrid Bakke,Security Suite License,Software,12,1548,18576,Phone,Public Sector
ORD-10691,2026-08-19,Oslo,Emma Solheim,USB-C Hub,Accessories,2,449,898,Direct,Consumer
ORD-10692,2026-08-19,Oslo,Emma Solheim,Laptop Air 13,Hardware,2,12490,24980,Direct,Public Sector
ORD-10693,2026-08-19,Oslo,Emma Solheim,Mechanical Keyboard,Accessories,1,990,990,Web,SMB
ORD-10694,2026-08-19,Oslo,Ingrid Bakke,Wireless Headset,Accessories,21,1290,27090,Direct,Enterprise
ORD-10695,2026-08-19,Oslo,Jonas Berg,Office Suite License,Software,7,1188,8316,Web,Public Sector
ORD-10696,2026-08-19,Oslo,Jonas Berg,Managed Support (month),Services,1,2490,2490,Web,SMB
ORD-10697,2026-08-19,Oslo,Emma Solheim,Cloud Backup 1TB,Services,3,990,2970,Web,Consumer
ORD-10698,2026-08-19,Oslo,Jonas Berg,Managed Support (month),Services,1,2490,2490,Partner,SMB
ORD-10699,2026-08-19,Oslo,Jonas Berg,USB-C Hub,Accessories,1,449,449,Direct,SMB
ORD-10700,2026-08-19,Bergen,Sofie Dahl,Security Suite License,Software,2,1548,3096,Partner,SMB
ORD-10701,2026-08-19,Bergen,Sofie Dahl,Laptop Pro 14,Hardware,12,18990,227880,Web,Enterprise
ORD-10702,2026-08-19,Bergen,Markus Vik,Cloud Backup 1TB,Services,24,990,23760,Phone,Enterprise
ORD-10703,2026-08-19,Bergen,Sofie Dahl,Docking Station,Hardware,2,1890,3780,Phone,SMB
ORD-10704,2026-08-19,Bergen,Markus Vik,Docking Station,Hardware,5,1890,9450,Web,Public Sector
ORD-10705,2026-08-19,Bergen,Markus Vik,Managed Support (month),Services,1,2490,2490,Direct,Consumer
ORD-10706,2026-08-19,Trondheim,Henrik Moen,Wireless Headset,Accessories,3,1290,3870,Phone,Public Sector
ORD-10707,2026-08-19,Trondheim,Nora Lien,Mechanical Keyboard,Accessories,2,990,1980,Web,SMB
ORD-10708,2026-08-19,Trondheim,Nora Lien,Cloud Backup 1TB,Services,4,990,3960,Direct,SMB
ORD-10709,2026-08-19,Trondheim,Nora Lien,Cloud Backup 1TB,Services,11,990,10890,Partner,Public Sector
ORD-10710,2026-08-19,Trondheim,Nora Lien,USB-C Hub,Accessories,3,449,1347,Phone,SMB
ORD-10711,2026-08-19,Trondheim,Henrik Moen,Onboarding Package,Services,6,7500,45000,Partner,Public Sector
ORD-10712,2026-08-19,Stavanger,Lars Eide,Office Suite License,Software,3,1188,3564,Direct,SMB
ORD-10713,2026-08-19,Stavanger,Oda Strand,"Monitor 27"" 4K",Hardware,15,4990,74850,Partner,Public Sector
ORD-10714,2026-08-19,Stavanger,Oda Strand,Security Suite License,Software,1,1548,1548,Web,SMB
ORD-10715,2026-08-19,Stavanger,Oda Strand,Security Suite License,Software,14,1548,21672,Phone,Public Sector
ORD-10716,2026-08-19,Stavanger,Oda Strand,Security Suite License,Software,4,1548,6192,Phone,SMB
ORD-10717,2026-08-19,Tromsø,Mia Foss,USB-C Hub,Accessories,3,449,1347,Phone,SMB
ORD-10718,2026-08-19,Tromsø,Mia Foss,Security Suite License,Software,28,1548,43344,Web,Enterprise
ORD-10719,2026-08-19,Tromsø,Mia Foss,Cloud Backup 1TB,Services,2,990,1980,Direct,Consumer
ORD-10720,2026-08-20,Oslo,Emma Solheim,Managed Support (month),Services,2,2490,4980,Direct,Consumer
ORD-10721,2026-08-20,Oslo,Jonas Berg,Laptop Pro 14,Hardware,4,18990,75960,Phone,SMB
ORD-10722,2026-08-20,Oslo,Ingrid Bakke,Laptop Pro 14,Hardware,8,18990,151920,Direct,Public Sector
ORD-10723,2026-08-20,Oslo,Jonas Berg,Laptop Pro 14,Hardware,3,18990,56970,Web,SMB
ORD-10724,2026-08-20,Oslo,Emma Solheim,Security Suite License,Software,15,1548,23220,Partner,Public Sector
ORD-10725,2026-08-20,Oslo,Emma Solheim,Security Suite License,Software,29,1548,44892,Partner,Enterprise
ORD-10726,2026-08-20,Oslo,Emma Solheim,Managed Support (month),Services,1,2490,2490,Partner,Consumer
ORD-10727,2026-08-20,Oslo,Jonas Berg,Docking Station,Hardware,27,1890,51030,Direct,Enterprise
ORD-10728,2026-08-20,Oslo,Jonas Berg,Cloud Backup 1TB,Services,4,990,3960,Phone,Consumer
ORD-10729,2026-08-20,Oslo,Ingrid Bakke,Laptop Air 13,Hardware,2,12490,24980,Phone,SMB
ORD-10730,2026-08-20,Oslo,Ingrid Bakke,Mechanical Keyboard,Accessories,2,990,1980,Direct,Consumer
ORD-10731,2026-08-20,Bergen,Sofie Dahl,Onboarding Package,Services,4,7500,30000,Direct,SMB
ORD-10732,2026-08-20,Bergen,Markus Vik,Cloud Backup 1TB,Services,1,990,990,Phone,Consumer
ORD-10733,2026-08-20,Bergen,Markus Vik,"Monitor 27"" 4K",Hardware,13,4990,64870,Web,Enterprise
ORD-10734,2026-08-20,Bergen,Markus Vik,Laptop Pro 14,Hardware,2,18990,37980,Direct,SMB
ORD-10735,2026-08-20,Bergen,Markus Vik,Onboarding Package,Services,3,7500,22500,Phone,Public Sector
ORD-10736,2026-08-20,Bergen,Sofie Dahl,USB-C Hub,Accessories,2,449,898,Phone,Consumer
ORD-10737,2026-08-20,Bergen,Sofie Dahl,Cloud Backup 1TB,Services,37,990,36630,Partner,Enterprise
ORD-10738,2026-08-20,Bergen,Markus Vik,Onboarding Package,Services,11,7500,82500,Web,Public Sector
ORD-10739,2026-08-20,Trondheim,Henrik Moen,Laptop Pro 14,Hardware,4,18990,75960,Phone,SMB
ORD-10740,2026-08-20,Trondheim,Henrik Moen,"Monitor 27"" 4K",Hardware,39,4990,194610,Web,Enterprise
ORD-10741,2026-08-20,Trondheim,Henrik Moen,Office Suite License,Software,14,1188,16632,Direct,Public Sector
ORD-10742,2026-08-20,Trondheim,Nora Lien,Mechanical Keyboard,Accessories,4,990,3960,Phone,Consumer
ORD-10743,2026-08-20,Trondheim,Nora Lien,USB-C Hub,Accessories,1,449,449,Direct,SMB
ORD-10744,2026-08-20,Stavanger,Oda Strand,Wireless Headset,Accessories,10,1290,12900,Partner,Enterprise
ORD-10745,2026-08-20,Stavanger,Lars Eide,Wireless Headset,Accessories,1,1290,1290,Web,SMB
ORD-10746,2026-08-20,Stavanger,Oda Strand,USB-C Hub,Accessories,8,449,3592,Partner,Public Sector
ORD-10747,2026-08-20,Stavanger,Oda Strand,"Monitor 27"" 4K",Hardware,3,4990,14970,Partner,SMB
ORD-10748,2026-08-20,Stavanger,Lars Eide,Cloud Backup 1TB,Services,4,990,3960,Phone,SMB
ORD-10749,2026-08-20,Tromsø,Mia Foss,"Monitor 27"" 4K",Hardware,4,4990,19960,Partner,SMB
ORD-10750,2026-08-21,Oslo,Jonas Berg,Cloud Backup 1TB,Services,15,990,14850,Web,Public Sector
ORD-10751,2026-08-21,Oslo,Emma Solheim,Docking Station,Hardware,2,1890,3780,Web,SMB
ORD-10752,2026-08-21,Oslo,Ingrid Bakke,Security Suite License,Software,1,1548,1548,Phone,SMB
ORD-10753,2026-08-21,Oslo,Jonas Berg,Managed Support (month),Services,1,2490,2490,Phone,SMB
ORD-10754,2026-08-21,Oslo,Jonas Berg,Cloud Backup 1TB,Services,2,990,1980,Partner,SMB
ORD-10755,2026-08-21,Oslo,Ingrid Bakke,Onboarding Package,Services,4,7500,30000,Partner,Consumer
ORD-10756,2026-08-21,Oslo,Emma Solheim,Cloud Backup 1TB,Services,2,990,1980,Direct,Consumer
ORD-10757,2026-08-21,Oslo,Jonas Berg,Laptop Pro 14,Hardware,3,18990,56970,Phone,SMB
ORD-10758,2026-08-21,Oslo,Ingrid Bakke,Cloud Backup 1TB,Services,7,990,6930,Phone,Public Sector
ORD-10759,2026-08-21,Oslo,Emma Solheim,Laptop Pro 14,Hardware,1,18990,18990,Partner,Consumer
ORD-10760,2026-08-21,Oslo,Jonas Berg,Mechanical Keyboard,Accessories,11,990,10890,Phone,Public Sector
ORD-10761,2026-08-21,Bergen,Markus Vik,Laptop Air 13,Hardware,27,12490,337230,Partner,Enterprise
ORD-10762,2026-08-21,Bergen,Markus Vik,USB-C Hub,Accessories,5,449,2245,Partner,Enterprise
ORD-10763,2026-08-21,Trondheim,Henrik Moen,USB-C Hub,Accessories,37,449,16613,Partner,Enterprise
ORD-10764,2026-08-21,Trondheim,Nora Lien,Laptop Air 13,Hardware,3,12490,37470,Partner,Consumer
ORD-10765,2026-08-21,Trondheim,Nora Lien,USB-C Hub,Accessories,26,449,11674,Direct,Enterprise
ORD-10766,2026-08-21,Trondheim,Nora Lien,USB-C Hub,Accessories,9,449,4041,Direct,Enterprise
ORD-10767,2026-08-22,Oslo,Jonas Berg,USB-C Hub,Accessories,1,449,449,Partner,Consumer
ORD-10768,2026-08-22,Oslo,Ingrid Bakke,Managed Support (month),Services,3,2490,7470,Phone,Public Sector
ORD-10769,2026-08-22,Bergen,Sofie Dahl,Mechanical Keyboard,Accessories,3,990,2970,Phone,SMB
ORD-10770,2026-08-22,Trondheim,Henrik Moen,Office Suite License,Software,13,1188,15444,Phone,Public Sector
ORD-10771,2026-08-22,Trondheim,Nora Lien,Docking Station,Hardware,2,1890,3780,Partner,SMB
ORD-10772,2026-08-22,Stavanger,Oda Strand,Laptop Air 13,Hardware,1,12490,12490,Direct,SMB
ORD-10773,2026-08-23,Oslo,Emma Solheim,Laptop Pro 14,Hardware,3,18990,56970,Partner,Consumer
ORD-10774,2026-08-23,Stavanger,Lars Eide,"Monitor 27"" 4K",Hardware,3,4990,14970,Direct,Consumer
ORD-10775,2026-08-24,Oslo,Ingrid Bakke,Security Suite License,Software,37,1548,57276,Partner,Enterprise
ORD-10776,2026-08-24,Oslo,Jonas Berg,Managed Support (month),Services,4,2490,9960,Web,Consumer
ORD-10777,2026-08-24,Oslo,Emma Solheim,Security Suite License,Software,5,1548,7740,Phone,Enterprise
ORD-10778,2026-08-24,Oslo,Jonas Berg,Cloud Backup 1TB,Services,3,990,2970,Phone,SMB
ORD-10779,2026-08-24,Oslo,Emma Solheim,Wireless Headset,Accessories,4,1290,5160,Partner,SMB
ORD-10780,2026-08-24,Oslo,Jonas Berg,"Monitor 27"" 4K",Hardware,31,4990,154690,Partner,Enterprise
ORD-10781,2026-08-24,Oslo,Jonas Berg,USB-C Hub,Accessories,2,449,898,Phone,SMB
ORD-10782,2026-08-24,Oslo,Emma Solheim,Managed Support (month),Services,1,2490,2490,Partner,SMB
ORD-10783,2026-08-24,Oslo,Ingrid Bakke,Security Suite License,Software,2,1548,3096,Phone,SMB
ORD-10784,2026-08-24,Oslo,Jonas Berg,Laptop Pro 14,Hardware,4,18990,75960,Phone,SMB
ORD-10785,2026-08-24,Bergen,Sofie Dahl,Office Suite License,Software,1,1188,1188,Direct,SMB
ORD-10786,2026-08-24,Bergen,Markus Vik,Onboarding Package,Services,2,7500,15000,Partner,SMB
ORD-10787,2026-08-24,Bergen,Sofie Dahl,Managed Support (month),Services,3,2490,7470,Partner,SMB
ORD-10788,2026-08-24,Bergen,Sofie Dahl,Mechanical Keyboard,Accessories,27,990,26730,Web,Enterprise
ORD-10789,2026-08-24,Bergen,Sofie Dahl,Laptop Air 13,Hardware,2,12490,24980,Phone,SMB
ORD-10790,2026-08-24,Bergen,Sofie Dahl,Mechanical Keyboard,Accessories,4,990,3960,Direct,SMB
ORD-10791,2026-08-24,Bergen,Markus Vik,USB-C Hub,Accessories,12,449,5388,Phone,Public Sector
ORD-10792,2026-08-24,Bergen,Markus Vik,Managed Support (month),Services,3,2490,7470,Direct,Consumer
ORD-10793,2026-08-24,Trondheim,Henrik Moen,Laptop Air 13,Hardware,2,12490,24980,Partner,SMB
ORD-10794,2026-08-24,Trondheim,Nora Lien,Managed Support (month),Services,3,2490,7470,Direct,SMB
ORD-10795,2026-08-24,Trondheim,Nora Lien,Office Suite License,Software,3,1188,3564,Direct,Consumer
ORD-10796,2026-08-24,Stavanger,Lars Eide,"Monitor 27"" 4K",Hardware,1,4990,4990,Phone,SMB
ORD-10797,2026-08-24,Stavanger,Oda Strand,Managed Support (month),Services,1,2490,2490,Phone,SMB
ORD-10798,2026-08-24,Tromsø,Mia Foss,Office Suite License,Software,30,1188,35640,Web,Enterprise
ORD-10799,2026-08-24,Tromsø,Mia Foss,Wireless Headset,Accessories,12,1290,15480,Direct,Public Sector
ORD-10800,2026-08-25,Oslo,Jonas Berg,Docking Station,Hardware,3,1890,5670,Direct,SMB
ORD-10801,2026-08-25,Oslo,Emma Solheim,"Monitor 27"" 4K",Hardware,2,4990,9980,Web,SMB
ORD-10802,2026-08-25,Oslo,Ingrid Bakke,Onboarding Package,Services,4,7500,30000,Partner,Consumer
ORD-10803,2026-08-25,Oslo,Emma Solheim,Office Suite License,Software,2,1188,2376,Direct,SMB
ORD-10804,2026-08-25,Oslo,Emma Solheim,Onboarding Package,Services,10,7500,75000,Partner,Public Sector
ORD-10805,2026-08-25,Oslo,Jonas Berg,Office Suite License,Software,33,1188,39204,Partner,Enterprise
ORD-10806,2026-08-25,Oslo,Jonas Berg,USB-C Hub,Accessories,3,449,1347,Web,SMB
ORD-10807,2026-08-25,Oslo,Ingrid Bakke,Security Suite License,Software,3,1548,4644,Partner,Consumer
ORD-10808,2026-08-25,Oslo,Jonas Berg,Security Suite License,Software,4,1548,6192,Direct,SMB
ORD-10809,2026-08-25,Oslo,Jonas Berg,Laptop Pro 14,Hardware,3,18990,56970,Phone,Consumer
ORD-10810,2026-08-25,Oslo,Ingrid Bakke,Onboarding Package,Services,4,7500,30000,Direct,Consumer
ORD-10811,2026-08-25,Bergen,Sofie Dahl,USB-C Hub,Accessories,1,449,449,Direct,SMB
ORD-10812,2026-08-25,Bergen,Markus Vik,Security Suite License,Software,3,1548,4644,Partner,Consumer
ORD-10813,2026-08-25,Bergen,Sofie Dahl,USB-C Hub,Accessories,1,449,449,Phone,SMB
ORD-10814,2026-08-25,Bergen,Markus Vik,Wireless Headset,Accessories,4,1290,5160,Direct,SMB
ORD-10815,2026-08-25,Bergen,Sofie Dahl,Onboarding Package,Services,7,7500,52500,Web,Public Sector
ORD-10816,2026-08-25,Bergen,Markus Vik,Laptop Pro 14,Hardware,1,18990,18990,Phone,Consumer
ORD-10817,2026-08-25,Trondheim,Henrik Moen,Wireless Headset,Accessories,4,1290,5160,Web,SMB
ORD-10818,2026-08-25,Trondheim,Henrik Moen,Laptop Air 13,Hardware,4,12490,49960,Phone,SMB
ORD-10819,2026-08-25,Trondheim,Nora Lien,USB-C Hub,Accessories,4,449,1796,Partner,SMB
ORD-10820,2026-08-25,Trondheim,Nora Lien,Onboarding Package,Services,3,7500,22500,Web,Consumer
ORD-10821,2026-08-25,Trondheim,Henrik Moen,Laptop Pro 14,Hardware,4,18990,75960,Web,SMB
ORD-10822,2026-08-25,Trondheim,Nora Lien,"Monitor 27"" 4K",Hardware,3,4990,14970,Direct,SMB
ORD-10823,2026-08-25,Trondheim,Henrik Moen,Laptop Air 13,Hardware,2,12490,24980,Direct,Consumer
ORD-10824,2026-08-25,Trondheim,Nora Lien,Docking Station,Hardware,5,1890,9450,Direct,Public Sector
ORD-10825,2026-08-25,Stavanger,Oda Strand,Office Suite License,Software,3,1188,3564,Partner,SMB
ORD-10826,2026-08-25,Stavanger,Oda Strand,Managed Support (month),Services,6,2490,14940,Direct,Public Sector
ORD-10827,2026-08-25,Stavanger,Lars Eide,Docking Station,Hardware,1,1890,1890,Phone,SMB
ORD-10828,2026-08-25,Stavanger,Oda Strand,Docking Station,Hardware,2,1890,3780,Phone,Public Sector
ORD-10829,2026-08-25,Tromsø,Mia Foss,Cloud Backup 1TB,Services,1,990,990,Web,Consumer
ORD-10830,2026-08-25,Tromsø,Mia Foss,Onboarding Package,Services,10,7500,75000,Phone,Enterprise
ORD-10831,2026-08-26,Oslo,Emma Solheim,Mechanical Keyboard,Accessories,1,990,990,Web,Consumer
ORD-10832,2026-08-26,Oslo,Jonas Berg,Managed Support (month),Services,1,2490,2490,Phone,SMB
ORD-10833,2026-08-26,Oslo,Jonas Berg,Docking Station,Hardware,3,1890,5670,Direct,SMB
ORD-10834,2026-08-26,Oslo,Emma Solheim,Docking Station,Hardware,4,1890,7560,Partner,SMB
ORD-10835,2026-08-26,Oslo,Emma Solheim,"Monitor 27"" 4K",Hardware,1,4990,4990,Direct,SMB
ORD-10836,2026-08-26,Oslo,Emma Solheim,Office Suite License,Software,17,1188,20196,Phone,Enterprise
ORD-10837,2026-08-26,Oslo,Emma Solheim,Mechanical Keyboard,Accessories,4,990,3960,Partner,SMB
ORD-10838,2026-08-26,Oslo,Emma Solheim,Security Suite License,Software,2,1548,3096,Direct,SMB
ORD-10839,2026-08-26,Oslo,Jonas Berg,Wireless Headset,Accessories,5,1290,6450,Direct,Enterprise
ORD-10840,2026-08-26,Oslo,Emma Solheim,"Monitor 27"" 4K",Hardware,3,4990,14970,Phone,Consumer
ORD-10841,2026-08-26,Bergen,Sofie Dahl,Onboarding Package,Services,4,7500,30000,Phone,SMB
ORD-10842,2026-08-26,Bergen,Sofie Dahl,Security Suite License,Software,3,1548,4644,Partner,SMB
ORD-10843,2026-08-26,Bergen,Sofie Dahl,Managed Support (month),Services,1,2490,2490,Web,SMB
ORD-10844,2026-08-26,Bergen,Markus Vik,"Monitor 27"" 4K",Hardware,1,4990,4990,Phone,SMB
ORD-10845,2026-08-26,Bergen,Markus Vik,Office Suite License,Software,1,1188,1188,Direct,SMB
ORD-10846,2026-08-26,Bergen,Sofie Dahl,Security Suite License,Software,2,1548,3096,Partner,Public Sector
ORD-10847,2026-08-26,Trondheim,Henrik Moen,Docking Station,Hardware,9,1890,17010,Web,Public Sector
ORD-10848,2026-08-26,Trondheim,Nora Lien,Security Suite License,Software,15,1548,23220,Partner,Public Sector
ORD-10849,2026-08-26,Trondheim,Henrik Moen,Cloud Backup 1TB,Services,1,990,990,Partner,SMB
ORD-10850,2026-08-26,Trondheim,Henrik Moen,Docking Station,Hardware,1,1890,1890,Web,Consumer
ORD-10851,2026-08-26,Trondheim,Henrik Moen,Security Suite License,Software,2,1548,3096,Phone,SMB
ORD-10852,2026-08-26,Stavanger,Oda Strand,Security Suite License,Software,13,1548,20124,Web,Public Sector
ORD-10853,2026-08-26,Stavanger,Lars Eide,Managed Support (month),Services,11,2490,27390,Phone,Enterprise
ORD-10854,2026-08-26,Stavanger,Oda Strand,Security Suite License,Software,3,1548,4644,Phone,SMB
ORD-10855,2026-08-26,Stavanger,Lars Eide,Mechanical Keyboard,Accessories,3,990,2970,Partner,Consumer
ORD-10856,2026-08-26,Stavanger,Lars Eide,Managed Support (month),Services,3,2490,7470,Phone,SMB
ORD-10857,2026-08-26,Stavanger,Oda Strand,USB-C Hub,Accessories,3,449,1347,Partner,Consumer
ORD-10858,2026-08-26,Tromsø,Mia Foss,Laptop Pro 14,Hardware,11,18990,208890,Web,Public Sector
ORD-10859,2026-08-26,Tromsø,Mia Foss,Wireless Headset,Accessories,2,1290,2580,Phone,SMB
ORD-10860,2026-08-26,Tromsø,Mia Foss,Laptop Pro 14,Hardware,3,18990,56970,Phone,Consumer
ORD-10861,2026-08-27,Oslo,Ingrid Bakke,Laptop Pro 14,Hardware,3,18990,56970,Partner,SMB
ORD-10862,2026-08-27,Oslo,Emma Solheim,Docking Station,Hardware,3,1890,5670,Web,SMB
ORD-10863,2026-08-27,Oslo,Emma Solheim,USB-C Hub,Accessories,9,449,4041,Partner,Enterprise
ORD-10864,2026-08-27,Oslo,Jonas Berg,"Monitor 27"" 4K",Hardware,24,4990,119760,Web,Enterprise
ORD-10865,2026-08-27,Oslo,Emma Solheim,Cloud Backup 1TB,Services,3,990,2970,Partner,Consumer
ORD-10866,2026-08-27,Oslo,Jonas Berg,USB-C Hub,Accessories,1,449,449,Phone,Consumer
ORD-10867,2026-08-27,Oslo,Emma Solheim,Managed Support (month),Services,1,2490,2490,Direct,Consumer
ORD-10868,2026-08-27,Oslo,Ingrid Bakke,Wireless Headset,Accessories,2,1290,2580,Partner,SMB
ORD-10869,2026-08-27,Bergen,Markus Vik,Managed Support (month),Services,9,2490,22410,Web,Public Sector
ORD-10870,2026-08-27,Bergen,Markus Vik,USB-C Hub,Accessories,4,449,1796,Phone,SMB
ORD-10871,2026-08-27,Bergen,Markus Vik,Mechanical Keyboard,Accessories,1,990,990,Direct,SMB
ORD-10872,2026-08-27,Bergen,Sofie Dahl,Laptop Air 13,Hardware,4,12490,49960,Phone,SMB
ORD-10873,2026-08-27,Trondheim,Henrik Moen,Office Suite License,Software,30,1188,35640,Phone,Enterprise
ORD-10874,2026-08-27,Trondheim,Henrik Moen,Docking Station,Hardware,4,1890,7560,Partner,SMB
ORD-10875,2026-08-27,Trondheim,Henrik Moen,Laptop Air 13,Hardware,7,12490,87430,Partner,Public Sector
ORD-10876,2026-08-27,Trondheim,Henrik Moen,Mechanical Keyboard,Accessories,1,990,990,Partner,SMB
ORD-10877,2026-08-27,Stavanger,Lars Eide,Cloud Backup 1TB,Services,2,990,1980,Phone,SMB
ORD-10878,2026-08-27,Stavanger,Lars Eide,"Monitor 27"" 4K",Hardware,1,4990,4990,Web,Consumer
ORD-10879,2026-08-27,Stavanger,Oda Strand,Docking Station,Hardware,2,1890,3780,Partner,Consumer
ORD-10880,2026-08-27,Stavanger,Oda Strand,Mechanical Keyboard,Accessories,6,990,5940,Direct,Public Sector
ORD-10881,2026-08-27,Tromsø,Mia Foss,Laptop Pro 14,Hardware,2,18990,37980,Phone,SMB
ORD-10882,2026-08-27,Tromsø,Mia Foss,Security Suite License,Software,6,1548,9288,Direct,Enterprise
ORD-10883,2026-08-28,Oslo,Ingrid Bakke,Onboarding Package,Services,3,7500,22500,Web,SMB
ORD-10884,2026-08-28,Oslo,Jonas Berg,Managed Support (month),Services,1,2490,2490,Direct,Consumer
ORD-10885,2026-08-28,Oslo,Emma Solheim,Wireless Headset,Accessories,15,1290,19350,Web,Public Sector
ORD-10886,2026-08-28,Oslo,Ingrid Bakke,Wireless Headset,Accessories,8,1290,10320,Web,Public Sector
ORD-10887,2026-08-28,Bergen,Sofie Dahl,Office Suite License,Software,1,1188,1188,Phone,Consumer
ORD-10888,2026-08-28,Bergen,Markus Vik,Security Suite License,Software,1,1548,1548,Web,Consumer
ORD-10889,2026-08-28,Bergen,Markus Vik,Security Suite License,Software,4,1548,6192,Direct,SMB
ORD-10890,2026-08-28,Bergen,Markus Vik,Laptop Pro 14,Hardware,3,18990,56970,Partner,SMB
ORD-10891,2026-08-28,Trondheim,Nora Lien,Laptop Pro 14,Hardware,15,18990,284850,Web,Public Sector
ORD-10892,2026-08-28,Trondheim,Nora Lien,Docking Station,Hardware,4,1890,7560,Phone,SMB
ORD-10893,2026-08-28,Trondheim,Henrik Moen,Onboarding Package,Services,2,7500,15000,Direct,SMB
ORD-10894,2026-08-28,Stavanger,Oda Strand,Cloud Backup 1TB,Services,3,990,2970,Direct,Consumer
ORD-10895,2026-08-28,Stavanger,Oda Strand,Docking Station,Hardware,15,1890,28350,Phone,Public Sector
ORD-10896,2026-08-28,Stavanger,Lars Eide,Onboarding Package,Services,8,7500,60000,Phone,Public Sector
ORD-10897,2026-08-28,Tromsø,Mia Foss,Mechanical Keyboard,Accessories,1,990,990,Phone,SMB
ORD-10898,2026-08-29,Oslo,Jonas Berg,"Monitor 27"" 4K",Hardware,8,4990,39920,Direct,Public Sector
ORD-10899,2026-08-29,Bergen,Sofie Dahl,"Monitor 27"" 4K",Hardware,1,4990,4990,Phone,Consumer
ORD-10900,2026-08-29,Trondheim,Henrik Moen,Laptop Pro 14,Hardware,3,18990,56970,Phone,Consumer
ORD-10901,2026-08-29,Trondheim,Henrik Moen,Docking Station,Hardware,3,1890,5670,Direct,Public Sector
ORD-10902,2026-08-29,Stavanger,Lars Eide,Onboarding Package,Services,15,7500,112500,Direct,Public Sector
ORD-10903,2026-08-29,Tromsø,Mia Foss,Office Suite License,Software,2,1188,2376,Phone,SMB
ORD-10904,2026-08-30,Oslo,Ingrid Bakke,Wireless Headset,Accessories,2,1290,2580,Phone,SMB
ORD-10905,2026-08-30,Oslo,Ingrid Bakke,"Monitor 27"" 4K",Hardware,4,4990,19960,Partner,Consumer
ORD-10906,2026-08-30,Bergen,Sofie Dahl,Docking Station,Hardware,1,1890,1890,Direct,SMB
ORD-10907,2026-08-31,Oslo,Emma Solheim,Security Suite License,Software,10,1548,15480,Web,Public Sector
ORD-10908,2026-08-31,Oslo,Jonas Berg,Office Suite License,Software,1,1188,1188,Phone,Consumer
ORD-10909,2026-08-31,Oslo,Emma Solheim,Security Suite License,Software,1,1548,1548,Direct,SMB
ORD-10910,2026-08-31,Oslo,Emma Solheim,Managed Support (month),Services,2,2490,4980,Partner,Consumer
ORD-10911,2026-08-31,Oslo,Jonas Berg,USB-C Hub,Accessories,3,449,1347,Direct,Consumer
ORD-10912,2026-08-31,Oslo,Ingrid Bakke,Laptop Pro 14,Hardware,9,18990,170910,Direct,Public Sector
ORD-10913,2026-08-31,Oslo,Ingrid Bakke,Onboarding Package,Services,2,7500,15000,Direct,SMB
ORD-10914,2026-08-31,Bergen,Markus Vik,Office Suite License,Software,34,1188,40392,Web,Enterprise
ORD-10915,2026-08-31,Bergen,Sofie Dahl,Mechanical Keyboard,Accessories,13,990,12870,Web,Public Sector
ORD-10916,2026-08-31,Bergen,Markus Vik,Laptop Air 13,Hardware,3,12490,37470,Direct,Public Sector
ORD-10917,2026-08-31,Bergen,Markus Vik,USB-C Hub,Accessories,15,449,6735,Partner,Enterprise
ORD-10918,2026-08-31,Trondheim,Henrik Moen,"Monitor 27"" 4K",Hardware,2,4990,9980,Web,Consumer
ORD-10919,2026-08-31,Trondheim,Nora Lien,Wireless Headset,Accessories,4,1290,5160,Partner,SMB
ORD-10920,2026-08-31,Trondheim,Henrik Moen,Laptop Air 13,Hardware,2,12490,24980,Web,Consumer
ORD-10921,2026-08-31,Trondheim,Nora Lien,Laptop Pro 14,Hardware,39,18990,740610,Web,Enterprise
ORD-10922,2026-08-31,Trondheim,Nora Lien,Docking Station,Hardware,4,1890,7560,Direct,SMB
ORD-10923,2026-08-31,Trondheim,Nora Lien,Office Suite License,Software,1,1188,1188,Phone,SMB
ORD-10924,2026-08-31,Stavanger,Oda Strand,Laptop Pro 14,Hardware,1,18990,18990,Partner,SMB
ORD-10925,2026-08-31,Stavanger,Oda Strand,"Monitor 27"" 4K",Hardware,3,4990,14970,Partner,Consumer
ORD-10926,2026-08-31,Stavanger,Oda Strand,Laptop Pro 14,Hardware,2,18990,37980,Phone,SMB
ORD-10927,2026-08-31,Stavanger,Lars Eide,Cloud Backup 1TB,Services,9,990,8910,Partner,Public Sector
ORD-10928,2026-08-31,Stavanger,Oda Strand,Laptop Air 13,Hardware,3,12490,37470,Partner,Consumer
ORD-10929,2026-08-31,Tromsø,Mia Foss,Laptop Air 13,Hardware,1,12490,12490,Partner,Consumer
ORD-10930,2026-09-01,Oslo,Jonas Berg,Mechanical Keyboard,Accessories,18,990,17820,Web,Enterprise
ORD-10931,2026-09-01,Oslo,Ingrid Bakke,Cloud Backup 1TB,Services,4,990,3960,Partner,Consumer
ORD-10932,2026-09-01,Oslo,Jonas Berg,Cloud Backup 1TB,Services,3,990,2970,Phone,SMB
ORD-10933,2026-09-01,Oslo,Emma Solheim,Cloud Backup 1TB,Services,9,990,8910,Phone,Public Sector
ORD-10934,2026-09-01,Oslo,Emma Solheim,Docking Station,Hardware,2,1890,3780,Web,Public Sector
ORD-10935,2026-09-01,Oslo,Ingrid Bakke,Office Suite License,Software,2,1188,2376,Direct,SMB
ORD-10936,2026-09-01,Oslo,Jonas Berg,Laptop Pro 14,Hardware,2,18990,37980,Web,SMB
ORD-10937,2026-09-01,Oslo,Emma Solheim,Docking Station,Hardware,14,1890,26460,Web,Public Sector
ORD-10938,2026-09-01,Oslo,Jonas Berg,Wireless Headset,Accessories,5,1290,6450,Web,Enterprise
ORD-10939,2026-09-01,Oslo,Emma Solheim,Mechanical Keyboard,Accessories,1,990,990,Phone,SMB
ORD-10940,2026-09-01,Bergen,Markus Vik,Mechanical Keyboard,Accessories,4,990,3960,Direct,Consumer
ORD-10941,2026-09-01,Bergen,Markus Vik,Managed Support (month),Services,2,2490,4980,Direct,SMB
ORD-10942,2026-09-01,Bergen,Sofie Dahl,Office Suite License,Software,4,1188,4752,Web,Consumer
ORD-10943,2026-09-01,Bergen,Sofie Dahl,Cloud Backup 1TB,Services,1,990,990,Phone,SMB
ORD-10944,2026-09-01,Bergen,Sofie Dahl,Mechanical Keyboard,Accessories,2,990,1980,Partner,SMB
ORD-10945,2026-09-01,Bergen,Markus Vik,Mechanical Keyboard,Accessories,2,990,1980,Direct,Consumer
ORD-10946,2026-09-01,Bergen,Markus Vik,Cloud Backup 1TB,Services,3,990,2970,Partner,Consumer
ORD-10947,2026-09-01,Bergen,Markus Vik,Wireless Headset,Accessories,4,1290,5160,Phone,SMB
ORD-10948,2026-09-01,Trondheim,Nora Lien,Docking Station,Hardware,12,1890,22680,Partner,Enterprise
ORD-10949,2026-09-01,Trondheim,Henrik Moen,Docking Station,Hardware,4,1890,7560,Web,Consumer
ORD-10950,2026-09-01,Trondheim,Nora Lien,Security Suite License,Software,3,1548,4644,Direct,SMB
ORD-10951,2026-09-01,Stavanger,Lars Eide,Mechanical Keyboard,Accessories,1,990,990,Phone,SMB
ORD-10952,2026-09-01,Stavanger,Oda Strand,Onboarding Package,Services,4,7500,30000,Web,SMB
ORD-10953,2026-09-01,Stavanger,Oda Strand,Wireless Headset,Accessories,1,1290,1290,Partner,Consumer
ORD-10954,2026-09-01,Stavanger,Lars Eide,Laptop Pro 14,Hardware,3,18990,56970,Web,SMB
ORD-10955,2026-09-01,Stavanger,Lars Eide,Managed Support (month),Services,3,2490,7470,Phone,Consumer
ORD-10956,2026-09-01,Stavanger,Oda Strand,Wireless Headset,Accessories,3,1290,3870,Direct,SMB
ORD-10957,2026-09-01,Stavanger,Oda Strand,Wireless Headset,Accessories,3,1290,3870,Web,SMB
ORD-10958,2026-09-01,Stavanger,Oda Strand,Cloud Backup 1TB,Services,3,990,2970,Partner,SMB
ORD-10959,2026-09-01,Tromsø,Mia Foss,Cloud Backup 1TB,Services,3,990,2970,Direct,SMB
ORD-10960,2026-09-01,Tromsø,Mia Foss,"Monitor 27"" 4K",Hardware,1,4990,4990,Web,SMB
ORD-10961,2026-09-02,Oslo,Jonas Berg,Laptop Pro 14,Hardware,4,18990,75960,Phone,SMB
ORD-10962,2026-09-02,Oslo,Emma Solheim,Cloud Backup 1TB,Services,11,990,10890,Partner,Public Sector
ORD-10963,2026-09-02,Oslo,Jonas Berg,Mechanical Keyboard,Accessories,1,990,990,Direct,Consumer
ORD-10964,2026-09-02,Oslo,Emma Solheim,"Monitor 27"" 4K",Hardware,4,4990,19960,Web,SMB
ORD-10965,2026-09-02,Oslo,Jonas Berg,Wireless Headset,Accessories,9,1290,11610,Phone,Public Sector
ORD-10966,2026-09-02,Oslo,Ingrid Bakke,"Monitor 27"" 4K",Hardware,8,4990,39920,Phone,Public Sector
ORD-10967,2026-09-02,Oslo,Emma Solheim,Managed Support (month),Services,3,2490,7470,Direct,SMB
ORD-10968,2026-09-02,Oslo,Jonas Berg,Laptop Pro 14,Hardware,1,18990,18990,Partner,SMB
ORD-10969,2026-09-02,Oslo,Jonas Berg,Office Suite License,Software,3,1188,3564,Partner,Consumer
ORD-10970,2026-09-02,Oslo,Emma Solheim,Cloud Backup 1TB,Services,1,990,990,Partner,SMB
ORD-10971,2026-09-02,Oslo,Emma Solheim,Managed Support (month),Services,3,2490,7470,Direct,SMB
ORD-10972,2026-09-02,Oslo,Jonas Berg,Cloud Backup 1TB,Services,9,990,8910,Direct,Public Sector
ORD-10973,2026-09-02,Oslo,Ingrid Bakke,Managed Support (month),Services,26,2490,64740,Phone,Enterprise
ORD-10974,2026-09-02,Oslo,Ingrid Bakke,Managed Support (month),Services,3,2490,7470,Direct,Public Sector
ORD-10975,2026-09-02,Oslo,Jonas Berg,Security Suite License,Software,4,1548,6192,Phone,SMB
ORD-10976,2026-09-02,Oslo,Jonas Berg,USB-C Hub,Accessories,1,449,449,Direct,SMB
ORD-10977,2026-09-02,Oslo,Jonas Berg,Office Suite License,Software,3,1188,3564,Phone,Public Sector
ORD-10978,2026-09-02,Oslo,Ingrid Bakke,Cloud Backup 1TB,Services,2,990,1980,Phone,SMB
ORD-10979,2026-09-02,Oslo,Jonas Berg,Security Suite License,Software,4,1548,6192,Phone,SMB
ORD-10980,2026-09-02,Oslo,Ingrid Bakke,Managed Support (month),Services,3,2490,7470,Direct,SMB
ORD-10981,2026-09-02,Oslo,Emma Solheim,Mechanical Keyboard,Accessories,1,990,990,Direct,Consumer
ORD-10982,2026-09-02,Oslo,Ingrid Bakke,Managed Support (month),Services,1,2490,2490,Partner,Consumer
ORD-10983,2026-09-02,Bergen,Markus Vik,Docking Station,Hardware,4,1890,7560,Partner,SMB
ORD-10984,2026-09-02,Bergen,Sofie Dahl,USB-C Hub,Accessories,2,449,898,Phone,SMB
ORD-10985,2026-09-02,Bergen,Sofie Dahl,"Monitor 27"" 4K",Hardware,4,4990,19960,Partner,SMB
ORD-10986,2026-09-02,Bergen,Sofie Dahl,"Monitor 27"" 4K",Hardware,2,4990,9980,Phone,SMB
ORD-10987,2026-09-02,Bergen,Markus Vik,Laptop Air 13,Hardware,13,12490,162370,Direct,Public Sector
ORD-10988,2026-09-02,Bergen,Sofie Dahl,"Monitor 27"" 4K",Hardware,4,4990,19960,Direct,SMB
ORD-10989,2026-09-02,Bergen,Sofie Dahl,Cloud Backup 1TB,Services,29,990,28710,Partner,Enterprise
ORD-10990,2026-09-02,Bergen,Markus Vik,"Monitor 27"" 4K",Hardware,1,4990,4990,Direct,SMB
ORD-10991,2026-09-02,Bergen,Markus Vik,Onboarding Package,Services,39,7500,292500,Partner,Enterprise
ORD-10992,2026-09-02,Trondheim,Henrik Moen,Laptop Pro 14,Hardware,12,18990,227880,Direct,Enterprise
ORD-10993,2026-09-02,Trondheim,Henrik Moen,"Monitor 27"" 4K",Hardware,9,4990,44910,Web,Public Sector
ORD-10994,2026-09-02,Trondheim,Henrik Moen,Docking Station,Hardware,39,1890,73710,Partner,Enterprise
ORD-10995,2026-09-02,Trondheim,Henrik Moen,Mechanical Keyboard,Accessories,35,990,34650,Direct,Enterprise
ORD-10996,2026-09-02,Trondheim,Nora Lien,Cloud Backup 1TB,Services,3,990,2970,Partner,SMB
ORD-10997,2026-09-02,Trondheim,Henrik Moen,Laptop Pro 14,Hardware,13,18990,246870,Partner,Public Sector
ORD-10998,2026-09-02,Trondheim,Henrik Moen,Managed Support (month),Services,8,2490,19920,Partner,Enterprise
ORD-10999,2026-09-02,Trondheim,Henrik Moen,Wireless Headset,Accessories,37,1290,47730,Web,Enterprise
ORD-11000,2026-09-02,Stavanger,Oda Strand,Cloud Backup 1TB,Services,1,990,990,Web,Consumer
ORD-11001,2026-09-02,Stavanger,Oda Strand,Cloud Backup 1TB,Services,14,990,13860,Phone,Public Sector
ORD-11002,2026-09-02,Stavanger,Lars Eide,Onboarding Package,Services,2,7500,15000,Web,SMB
ORD-11003,2026-09-02,Stavanger,Lars Eide,Laptop Air 13,Hardware,2,12490,24980,Direct,Consumer
ORD-11004,2026-09-02,Stavanger,Lars Eide,USB-C Hub,Accessories,4,449,1796,Phone,SMB
ORD-11005,2026-09-02,Stavanger,Oda Strand,Cloud Backup 1TB,Services,3,990,2970,Web,SMB
ORD-11006,2026-09-02,Tromsø,Mia Foss,"Monitor 27"" 4K",Hardware,24,4990,119760,Direct,Enterprise
ORD-11007,2026-09-02,Tromsø,Mia Foss,USB-C Hub,Accessories,9,449,4041,Partner,Public Sector
ORD-11008,2026-09-03,Oslo,Ingrid Bakke,Wireless Headset,Accessories,3,1290,3870,Web,SMB
ORD-11009,2026-09-03,Oslo,Ingrid Bakke,Security Suite License,Software,4,1548,6192,Partner,Consumer
ORD-11010,2026-09-03,Oslo,Jonas Berg,Wireless Headset,Accessories,1,1290,1290,Partner,SMB
ORD-11011,2026-09-03,Oslo,Emma Solheim,Cloud Backup 1TB,Services,2,990,1980,Phone,Consumer
ORD-11012,2026-09-03,Oslo,Emma Solheim,Mechanical Keyboard,Accessories,7,990,6930,Web,Public Sector
ORD-11013,2026-09-03,Oslo,Emma Solheim,Laptop Pro 14,Hardware,1,18990,18990,Direct,Consumer
ORD-11014,2026-09-03,Oslo,Ingrid Bakke,Onboarding Package,Services,3,7500,22500,Partner,SMB
ORD-11015,2026-09-03,Oslo,Ingrid Bakke,Laptop Pro 14,Hardware,2,18990,37980,Web,SMB
ORD-11016,2026-09-03,Oslo,Emma Solheim,Laptop Air 13,Hardware,2,12490,24980,Direct,SMB
ORD-11017,2026-09-03,Oslo,Emma Solheim,Managed Support (month),Services,12,2490,29880,Phone,Enterprise
ORD-11018,2026-09-03,Oslo,Jonas Berg,Wireless Headset,Accessories,34,1290,43860,Partner,Enterprise
ORD-11019,2026-09-03,Oslo,Jonas Berg,Onboarding Package,Services,3,7500,22500,Partner,Consumer
ORD-11020,2026-09-03,Oslo,Ingrid Bakke,Laptop Pro 14,Hardware,3,18990,56970,Web,SMB
ORD-11021,2026-09-03,Oslo,Jonas Berg,Wireless Headset,Accessories,1,1290,1290,Direct,SMB
ORD-11022,2026-09-03,Oslo,Ingrid Bakke,Managed Support (month),Services,39,2490,97110,Direct,Enterprise
ORD-11023,2026-09-03,Oslo,Ingrid Bakke,Cloud Backup 1TB,Services,2,990,1980,Web,Public Sector
ORD-11024,2026-09-03,Bergen,Markus Vik,Cloud Backup 1TB,Services,1,990,990,Direct,Consumer
ORD-11025,2026-09-03,Bergen,Markus Vik,Managed Support (month),Services,12,2490,29880,Direct,Public Sector
ORD-11026,2026-09-03,Bergen,Sofie Dahl,"Monitor 27"" 4K",Hardware,11,4990,54890,Web,Public Sector
ORD-11027,2026-09-03,Bergen,Sofie Dahl,Office Suite License,Software,1,1188,1188,Phone,SMB
ORD-11028,2026-09-03,Bergen,Markus Vik,USB-C Hub,Accessories,4,449,1796,Web,Consumer
ORD-11029,2026-09-03,Bergen,Sofie Dahl,Mechanical Keyboard,Accessories,2,990,1980,Web,Public Sector
ORD-11030,2026-09-03,Bergen,Sofie Dahl,Security Suite License,Software,3,1548,4644,Web,Consumer
ORD-11031,2026-09-03,Bergen,Sofie Dahl,Wireless Headset,Accessories,10,1290,12900,Web,Public Sector
ORD-11032,2026-09-03,Bergen,Sofie Dahl,Managed Support (month),Services,4,2490,9960,Web,SMB
ORD-11033,2026-09-03,Bergen,Sofie Dahl,Office Suite License,Software,4,1188,4752,Phone,SMB
ORD-11034,2026-09-03,Bergen,Markus Vik,Laptop Pro 14,Hardware,2,18990,37980,Direct,SMB
ORD-11035,2026-09-03,Trondheim,Nora Lien,Office Suite License,Software,6,1188,7128,Web,Enterprise
ORD-11036,2026-09-03,Trondheim,Nora Lien,Laptop Pro 14,Hardware,1,18990,18990,Direct,SMB
ORD-11037,2026-09-03,Trondheim,Henrik Moen,Docking Station,Hardware,4,1890,7560,Phone,Consumer
ORD-11038,2026-09-03,Stavanger,Oda Strand,Laptop Air 13,Hardware,2,12490,24980,Direct,SMB
ORD-11039,2026-09-03,Stavanger,Oda Strand,Office Suite License,Software,1,1188,1188,Phone,Consumer
ORD-11040,2026-09-03,Stavanger,Oda Strand,Laptop Pro 14,Hardware,1,18990,18990,Partner,SMB
ORD-11041,2026-09-03,Stavanger,Oda Strand,Office Suite License,Software,15,1188,17820,Web,Public Sector
ORD-11042,2026-09-03,Stavanger,Oda Strand,Office Suite License,Software,9,1188,10692,Phone,Enterprise
ORD-11043,2026-09-03,Stavanger,Lars Eide,Mechanical Keyboard,Accessories,4,990,3960,Partner,Consumer
ORD-11044,2026-09-03,Stavanger,Oda Strand,Managed Support (month),Services,25,2490,62250,Phone,Enterprise
ORD-11045,2026-09-03,Tromsø,Mia Foss,Laptop Air 13,Hardware,2,12490,24980,Direct,SMB
ORD-11046,2026-09-03,Tromsø,Mia Foss,Onboarding Package,Services,2,7500,15000,Direct,SMB
ORD-11047,2026-09-03,Tromsø,Mia Foss,Cloud Backup 1TB,Services,4,990,3960,Phone,SMB
ORD-11048,2026-09-04,Oslo,Ingrid Bakke,Laptop Pro 14,Hardware,1,18990,18990,Partner,SMB
ORD-11049,2026-09-04,Oslo,Jonas Berg,Onboarding Package,Services,4,7500,30000,Phone,Consumer
ORD-11050,2026-09-04,Oslo,Ingrid Bakke,"Monitor 27"" 4K",Hardware,20,4990,99800,Phone,Enterprise
ORD-11051,2026-09-04,Oslo,Emma Solheim,Onboarding Package,Services,2,7500,15000,Direct,SMB
ORD-11052,2026-09-04,Oslo,Emma Solheim,Laptop Air 13,Hardware,7,12490,87430,Direct,Public Sector
ORD-11053,2026-09-04,Bergen,Markus Vik,Security Suite License,Software,3,1548,4644,Phone,Consumer
ORD-11054,2026-09-04,Bergen,Sofie Dahl,Managed Support (month),Services,2,2490,4980,Phone,Public Sector
ORD-11055,2026-09-04,Bergen,Markus Vik,"Monitor 27"" 4K",Hardware,9,4990,44910,Phone,Public Sector
ORD-11056,2026-09-04,Bergen,Markus Vik,Managed Support (month),Services,1,2490,2490,Partner,Consumer
ORD-11057,2026-09-04,Bergen,Sofie Dahl,Docking Station,Hardware,3,1890,5670,Direct,SMB
ORD-11058,2026-09-04,Bergen,Markus Vik,Laptop Air 13,Hardware,4,12490,49960,Web,Public Sector
ORD-11059,2026-09-04,Bergen,Sofie Dahl,Security Suite License,Software,2,1548,3096,Direct,SMB
ORD-11060,2026-09-04,Bergen,Sofie Dahl,USB-C Hub,Accessories,3,449,1347,Phone,SMB
ORD-11061,2026-09-04,Bergen,Markus Vik,Mechanical Keyboard,Accessories,2,990,1980,Direct,SMB
ORD-11062,2026-09-04,Trondheim,Henrik Moen,USB-C Hub,Accessories,1,449,449,Direct,Consumer
ORD-11063,2026-09-04,Trondheim,Nora Lien,Laptop Pro 14,Hardware,2,18990,37980,Phone,Consumer
ORD-11064,2026-09-04,Trondheim,Nora Lien,"Monitor 27"" 4K",Hardware,2,4990,9980,Direct,SMB
ORD-11065,2026-09-04,Trondheim,Henrik Moen,Managed Support (month),Services,3,2490,7470,Phone,SMB
ORD-11066,2026-09-04,Trondheim,Nora Lien,"Monitor 27"" 4K",Hardware,1,4990,4990,Partner,SMB
ORD-11067,2026-09-04,Trondheim,Henrik Moen,Laptop Air 13,Hardware,4,12490,49960,Direct,Consumer
ORD-11068,2026-09-04,Stavanger,Lars Eide,Cloud Backup 1TB,Services,2,990,1980,Phone,Consumer
ORD-11069,2026-09-04,Stavanger,Oda Strand,USB-C Hub,Accessories,4,449,1796,Phone,Consumer
ORD-11070,2026-09-04,Stavanger,Lars Eide,Office Suite License,Software,4,1188,4752,Phone,SMB
ORD-11071,2026-09-04,Stavanger,Oda Strand,Mechanical Keyboard,Accessories,2,990,1980,Phone,SMB
ORD-11072,2026-09-04,Stavanger,Oda Strand,USB-C Hub,Accessories,1,449,449,Direct,Consumer
ORD-11073,2026-09-04,Tromsø,Mia Foss,USB-C Hub,Accessories,11,449,4939,Direct,Enterprise
ORD-11074,2026-09-04,Tromsø,Mia Foss,Docking Station,Hardware,1,1890,1890,Direct,SMB
ORD-11075,2026-09-04,Tromsø,Mia Foss,"Monitor 27"" 4K",Hardware,2,4990,9980,Web,SMB
ORD-11076,2026-09-05,Oslo,Ingrid Bakke,Onboarding Package,Services,34,7500,255000,Direct,Enterprise
ORD-11077,2026-09-05,Oslo,Ingrid Bakke,Onboarding Package,Services,3,7500,22500,Direct,Consumer
ORD-11078,2026-09-05,Oslo,Emma Solheim,Managed Support (month),Services,1,2490,2490,Direct,SMB
ORD-11079,2026-09-05,Oslo,Emma Solheim,Mechanical Keyboard,Accessories,32,990,31680,Partner,Enterprise
ORD-11080,2026-09-05,Oslo,Emma Solheim,Cloud Backup 1TB,Services,1,990,990,Partner,Consumer
ORD-11081,2026-09-05,Bergen,Markus Vik,Security Suite License,Software,3,1548,4644,Web,Consumer
ORD-11082,2026-09-05,Bergen,Markus Vik,USB-C Hub,Accessories,1,449,449,Partner,SMB
ORD-11083,2026-09-05,Trondheim,Henrik Moen,Security Suite License,Software,4,1548,6192,Partner,Public Sector
ORD-11084,2026-09-05,Stavanger,Oda Strand,Security Suite License,Software,4,1548,6192,Phone,SMB
ORD-11085,2026-09-05,Stavanger,Oda Strand,Mechanical Keyboard,Accessories,3,990,2970,Direct,SMB
ORD-11086,2026-09-06,Oslo,Jonas Berg,Office Suite License,Software,35,1188,41580,Partner,Enterprise
ORD-11087,2026-09-06,Oslo,Jonas Berg,Cloud Backup 1TB,Services,5,990,4950,Direct,Public Sector
ORD-11088,2026-09-06,Bergen,Markus Vik,Wireless Headset,Accessories,1,1290,1290,Web,Consumer
ORD-11089,2026-09-06,Trondheim,Henrik Moen,Wireless Headset,Accessories,2,1290,2580,Direct,SMB
ORD-11090,2026-09-06,Stavanger,Oda Strand,Wireless Headset,Accessories,2,1290,2580,Direct,SMB
ORD-11091,2026-09-07,Oslo,Emma Solheim,Laptop Pro 14,Hardware,1,18990,18990,Web,SMB
ORD-11092,2026-09-07,Oslo,Ingrid Bakke,Security Suite License,Software,3,1548,4644,Partner,SMB
ORD-11093,2026-09-07,Oslo,Jonas Berg,Cloud Backup 1TB,Services,34,990,33660,Partner,Enterprise
ORD-11094,2026-09-07,Oslo,Emma Solheim,"Monitor 27"" 4K",Hardware,3,4990,14970,Phone,Consumer
ORD-11095,2026-09-07,Oslo,Jonas Berg,Docking Station,Hardware,8,1890,15120,Phone,Enterprise
ORD-11096,2026-09-07,Oslo,Jonas Berg,Wireless Headset,Accessories,15,1290,19350,Partner,Enterprise
ORD-11097,2026-09-07,Oslo,Ingrid Bakke,"Monitor 27"" 4K",Hardware,4,4990,19960,Phone,Public Sector
ORD-11098,2026-09-07,Oslo,Ingrid Bakke,Laptop Pro 14,Hardware,21,18990,398790,Partner,Enterprise
ORD-11099,2026-09-07,Oslo,Ingrid Bakke,Docking Station,Hardware,3,1890,5670,Partner,SMB
ORD-11100,2026-09-07,Bergen,Markus Vik,Mechanical Keyboard,Accessories,2,990,1980,Partner,SMB
ORD-11101,2026-09-07,Bergen,Markus Vik,Laptop Pro 14,Hardware,4,18990,75960,Phone,SMB
ORD-11102,2026-09-07,Bergen,Sofie Dahl,Mechanical Keyboard,Accessories,3,990,2970,Partner,SMB
ORD-11103,2026-09-07,Bergen,Sofie Dahl,Wireless Headset,Accessories,2,1290,2580,Direct,Consumer
ORD-11104,2026-09-07,Bergen,Sofie Dahl,Onboarding Package,Services,4,7500,30000,Web,SMB
ORD-11105,2026-09-07,Bergen,Markus Vik,Managed Support (month),Services,6,2490,14940,Direct,Enterprise
ORD-11106,2026-09-07,Bergen,Markus Vik,Office Suite License,Software,3,1188,3564,Web,SMB
ORD-11107,2026-09-07,Bergen,Markus Vik,Cloud Backup 1TB,Services,3,990,2970,Phone,Consumer
ORD-11108,2026-09-07,Bergen,Markus Vik,Laptop Air 13,Hardware,10,12490,124900,Direct,Enterprise
ORD-11109,2026-09-07,Bergen,Markus Vik,Office Suite License,Software,1,1188,1188,Partner,SMB
ORD-11110,2026-09-07,Trondheim,Nora Lien,Mechanical Keyboard,Accessories,1,990,990,Partner,SMB
ORD-11111,2026-09-07,Trondheim,Nora Lien,Mechanical Keyboard,Accessories,4,990,3960,Web,SMB
ORD-11112,2026-09-07,Trondheim,Henrik Moen,Onboarding Package,Services,4,7500,30000,Direct,Consumer
ORD-11113,2026-09-07,Stavanger,Lars Eide,"Monitor 27"" 4K",Hardware,4,4990,19960,Direct,Consumer
ORD-11114,2026-09-07,Stavanger,Oda Strand,Cloud Backup 1TB,Services,3,990,2970,Direct,SMB
ORD-11115,2026-09-07,Stavanger,Lars Eide,Laptop Air 13,Hardware,4,12490,49960,Web,Consumer
ORD-11116,2026-09-07,Stavanger,Oda Strand,USB-C Hub,Accessories,8,449,3592,Phone,Public Sector
ORD-11117,2026-09-07,Stavanger,Lars Eide,Onboarding Package,Services,17,7500,127500,Phone,Enterprise
ORD-11118,2026-09-07,Stavanger,Lars Eide,Wireless Headset,Accessories,24,1290,30960,Partner,Enterprise
ORD-11119,2026-09-07,Stavanger,Lars Eide,Security Suite License,Software,2,1548,3096,Web,Public Sector
ORD-11120,2026-09-07,Tromsø,Mia Foss,Laptop Air 13,Hardware,8,12490,99920,Phone,Public Sector
ORD-11121,2026-09-07,Tromsø,Mia Foss,Onboarding Package,Services,3,7500,22500,Partner,Public Sector
ORD-11122,2026-09-07,Tromsø,Mia Foss,Laptop Air 13,Hardware,35,12490,437150,Direct,Enterprise
ORD-11123,2026-09-08,Oslo,Jonas Berg,Managed Support (month),Services,7,2490,17430,Web,Public Sector
ORD-11124,2026-09-08,Oslo,Jonas Berg,"Monitor 27"" 4K",Hardware,25,4990,124750,Direct,Enterprise
ORD-11125,2026-09-08,Oslo,Emma Solheim,"Monitor 27"" 4K",Hardware,1,4990,4990,Partner,SMB
ORD-11126,2026-09-08,Oslo,Jonas Berg,USB-C Hub,Accessories,2,449,898,Partner,Public Sector
ORD-11127,2026-09-08,Oslo,Jonas Berg,Security Suite License,Software,10,1548,15480,Phone,Public Sector
ORD-11128,2026-09-08,Oslo,Emma Solheim,"Monitor 27"" 4K",Hardware,2,4990,9980,Partner,Consumer
ORD-11129,2026-09-08,Oslo,Jonas Berg,Managed Support (month),Services,3,2490,7470,Partner,Consumer
ORD-11130,2026-09-08,Oslo,Ingrid Bakke,Security Suite License,Software,1,1548,1548,Phone,Consumer
ORD-11131,2026-09-08,Oslo,Emma Solheim,Wireless Headset,Accessories,4,1290,5160,Direct,SMB
ORD-11132,2026-09-08,Oslo,Jonas Berg,"Monitor 27"" 4K",Hardware,2,4990,9980,Phone,SMB
ORD-11133,2026-09-08,Oslo,Ingrid Bakke,Security Suite License,Software,1,1548,1548,Direct,Consumer
ORD-11134,2026-09-08,Oslo,Jonas Berg,Laptop Air 13,Hardware,2,12490,24980,Web,SMB
ORD-11135,2026-09-08,Oslo,Jonas Berg,Mechanical Keyboard,Accessories,3,990,2970,Phone,SMB
ORD-11136,2026-09-08,Oslo,Jonas Berg,Cloud Backup 1TB,Services,2,990,1980,Partner,Consumer
ORD-11137,2026-09-08,Oslo,Ingrid Bakke,Onboarding Package,Services,2,7500,15000,Phone,SMB
ORD-11138,2026-09-08,Oslo,Jonas Berg,"Monitor 27"" 4K",Hardware,1,4990,4990,Direct,SMB
ORD-11139,2026-09-08,Bergen,Markus Vik,Laptop Pro 14,Hardware,4,18990,75960,Web,Consumer
ORD-11140,2026-09-08,Bergen,Markus Vik,Laptop Air 13,Hardware,1,12490,12490,Direct,SMB
ORD-11141,2026-09-08,Bergen,Markus Vik,Wireless Headset,Accessories,3,1290,3870,Web,SMB
ORD-11142,2026-09-08,Bergen,Markus Vik,Laptop Air 13,Hardware,2,12490,24980,Phone,Consumer
ORD-11143,2026-09-08,Bergen,Markus Vik,Managed Support (month),Services,1,2490,2490,Phone,SMB
ORD-11144,2026-09-08,Bergen,Sofie Dahl,Cloud Backup 1TB,Services,2,990,1980,Web,SMB
ORD-11145,2026-09-08,Trondheim,Henrik Moen,Cloud Backup 1TB,Services,23,990,22770,Phone,Enterprise
ORD-11146,2026-09-08,Trondheim,Henrik Moen,Onboarding Package,Services,2,7500,15000,Direct,SMB
ORD-11147,2026-09-08,Trondheim,Nora Lien,Onboarding Package,Services,11,7500,82500,Phone,Enterprise
ORD-11148,2026-09-08,Stavanger,Lars Eide,Docking Station,Hardware,12,1890,22680,Partner,Enterprise
ORD-11149,2026-09-08,Stavanger,Oda Strand,Office Suite License,Software,2,1188,2376,Direct,SMB
ORD-11150,2026-09-08,Stavanger,Lars Eide,Onboarding Package,Services,1,7500,7500,Web,SMB
ORD-11151,2026-09-08,Stavanger,Lars Eide,Office Suite License,Software,3,1188,3564,Direct,SMB
ORD-11152,2026-09-08,Stavanger,Lars Eide,Managed Support (month),Services,4,2490,9960,Phone,Consumer
ORD-11153,2026-09-08,Stavanger,Lars Eide,Wireless Headset,Accessories,4,1290,5160,Phone,Consumer
ORD-11154,2026-09-08,Stavanger,Oda Strand,Office Suite License,Software,3,1188,3564,Phone,Consumer
ORD-11155,2026-09-08,Stavanger,Oda Strand,Managed Support (month),Services,30,2490,74700,Direct,Enterprise
ORD-11156,2026-09-09,Oslo,Ingrid Bakke,Managed Support (month),Services,15,2490,37350,Web,Enterprise
ORD-11157,2026-09-09,Oslo,Jonas Berg,Docking Station,Hardware,4,1890,7560,Web,SMB
ORD-11158,2026-09-09,Oslo,Ingrid Bakke,USB-C Hub,Accessories,3,449,1347,Direct,SMB
ORD-11159,2026-09-09,Oslo,Jonas Berg,Office Suite License,Software,9,1188,10692,Partner,Public Sector
ORD-11160,2026-09-09,Oslo,Ingrid Bakke,Onboarding Package,Services,13,7500,97500,Web,Enterprise
ORD-11161,2026-09-09,Bergen,Markus Vik,Onboarding Package,Services,1,7500,7500,Direct,SMB
ORD-11162,2026-09-09,Bergen,Markus Vik,"Monitor 27"" 4K",Hardware,3,4990,14970,Phone,SMB
ORD-11163,2026-09-09,Bergen,Sofie Dahl,Cloud Backup 1TB,Services,4,990,3960,Direct,Consumer
ORD-11164,2026-09-09,Bergen,Markus Vik,Wireless Headset,Accessories,10,1290,12900,Partner,Public Sector
ORD-11165,2026-09-09,Bergen,Sofie Dahl,Security Suite License,Software,32,1548,49536,Web,Enterprise
ORD-11166,2026-09-09,Bergen,Sofie Dahl,Office Suite License,Software,4,1188,4752,Direct,SMB
ORD-11167,2026-09-09,Bergen,Sofie Dahl,Laptop Pro 14,Hardware,3,18990,56970,Phone,SMB
ORD-11168,2026-09-09,Trondheim,Nora Lien,Office Suite License,Software,4,1188,4752,Direct,Consumer
ORD-11169,2026-09-09,Trondheim,Nora Lien,Security Suite License,Software,1,1548,1548,Direct,Consumer
ORD-11170,2026-09-09,Trondheim,Nora Lien,Office Suite License,Software,27,1188,32076,Partner,Enterprise
ORD-11171,2026-09-09,Trondheim,Nora Lien,Laptop Pro 14,Hardware,1,18990,18990,Phone,SMB
ORD-11172,2026-09-09,Trondheim,Nora Lien,Mechanical Keyboard,Accessories,1,990,990,Partner,Consumer
ORD-11173,2026-09-09,Stavanger,Lars Eide,Laptop Air 13,Hardware,3,12490,37470,Direct,SMB
ORD-11174,2026-09-09,Stavanger,Lars Eide,Laptop Pro 14,Hardware,5,18990,94950,Partner,Public Sector
ORD-11175,2026-09-09,Stavanger,Oda Strand,Onboarding Package,Services,3,7500,22500,Web,SMB
ORD-11176,2026-09-09,Stavanger,Lars Eide,"Monitor 27"" 4K",Hardware,3,4990,14970,Web,SMB
ORD-11177,2026-09-09,Stavanger,Lars Eide,Managed Support (month),Services,4,2490,9960,Partner,Consumer
ORD-11178,2026-09-09,Tromsø,Mia Foss,Mechanical Keyboard,Accessories,4,990,3960,Partner,SMB
ORD-11179,2026-09-09,Tromsø,Mia Foss,Office Suite License,Software,2,1188,2376,Partner,SMB
ORD-11180,2026-09-09,Tromsø,Mia Foss,Security Suite License,Software,3,1548,4644,Phone,Consumer
ORD-11181,2026-09-09,Tromsø,Mia Foss,Mechanical Keyboard,Accessories,2,990,1980,Direct,Consumer
ORD-11182,2026-09-10,Oslo,Emma Solheim,Laptop Air 13,Hardware,2,12490,24980,Partner,Consumer
ORD-11183,2026-09-10,Oslo,Jonas Berg,Laptop Pro 14,Hardware,4,18990,75960,Phone,SMB
ORD-11184,2026-09-10,Oslo,Emma Solheim,Onboarding Package,Services,1,7500,7500,Partner,Consumer
ORD-11185,2026-09-10,Oslo,Jonas Berg,Laptop Air 13,Hardware,32,12490,399680,Phone,Enterprise
ORD-11186,2026-09-10,Oslo,Jonas Berg,Laptop Air 13,Hardware,10,12490,124900,Partner,Public Sector
ORD-11187,2026-09-10,Oslo,Jonas Berg,Managed Support (month),Services,31,2490,77190,Direct,Enterprise
ORD-11188,2026-09-10,Oslo,Jonas Berg,Cloud Backup 1TB,Services,2,990,1980,Phone,Public Sector
ORD-11189,2026-09-10,Oslo,Emma Solheim,Office Suite License,Software,4,1188,4752,Partner,SMB
ORD-11190,2026-09-10,Oslo,Emma Solheim,Security Suite License,Software,4,1548,6192,Web,Consumer
ORD-11191,2026-09-10,Oslo,Emma Solheim,Docking Station,Hardware,2,1890,3780,Phone,SMB
ORD-11192,2026-09-10,Oslo,Ingrid Bakke,Onboarding Package,Services,4,7500,30000,Direct,SMB
ORD-11193,2026-09-10,Oslo,Jonas Berg,Laptop Air 13,Hardware,6,12490,74940,Partner,Public Sector
ORD-11194,2026-09-10,Bergen,Markus Vik,USB-C Hub,Accessories,2,449,898,Phone,SMB
ORD-11195,2026-09-10,Bergen,Markus Vik,Docking Station,Hardware,3,1890,5670,Direct,Consumer
ORD-11196,2026-09-10,Bergen,Sofie Dahl,Security Suite License,Software,4,1548,6192,Web,Consumer
ORD-11197,2026-09-10,Bergen,Markus Vik,"Monitor 27"" 4K",Hardware,1,4990,4990,Partner,SMB
ORD-11198,2026-09-10,Bergen,Sofie Dahl,Managed Support (month),Services,36,2490,89640,Web,Enterprise
ORD-11199,2026-09-10,Bergen,Markus Vik,Laptop Air 13,Hardware,3,12490,37470,Web,SMB
ORD-11200,2026-09-10,Trondheim,Nora Lien,Mechanical Keyboard,Accessories,8,990,7920,Phone,Public Sector
ORD-11201,2026-09-10,Trondheim,Henrik Moen,Laptop Air 13,Hardware,38,12490,474620,Partner,Enterprise
ORD-11202,2026-09-10,Trondheim,Nora Lien,Laptop Air 13,Hardware,1,12490,12490,Partner,SMB
ORD-11203,2026-09-10,Trondheim,Nora Lien,Cloud Backup 1TB,Services,2,990,1980,Direct,Consumer
ORD-11204,2026-09-10,Trondheim,Henrik Moen,"Monitor 27"" 4K",Hardware,2,4990,9980,Partner,SMB
ORD-11205,2026-09-10,Stavanger,Oda Strand,Office Suite License,Software,25,1188,29700,Direct,Enterprise
ORD-11206,2026-09-10,Stavanger,Lars Eide,Managed Support (month),Services,3,2490,7470,Phone,SMB
ORD-11207,2026-09-10,Stavanger,Lars Eide,Office Suite License,Software,2,1188,2376,Web,Public Sector
ORD-11208,2026-09-10,Tromsø,Mia Foss,Onboarding Package,Services,2,7500,15000,Partner,Consumer
ORD-11209,2026-09-10,Tromsø,Mia Foss,Wireless Headset,Accessories,14,1290,18060,Web,Public Sector
ORD-11210,2026-09-10,Tromsø,Mia Foss,Office Suite License,Software,4,1188,4752,Partner,SMB
ORD-11211,2026-09-11,Oslo,Ingrid Bakke,Laptop Pro 14,Hardware,3,18990,56970,Direct,Consumer
ORD-11212,2026-09-11,Oslo,Ingrid Bakke,Wireless Headset,Accessories,4,1290,5160,Direct,Consumer
ORD-11213,2026-09-11,Oslo,Emma Solheim,USB-C Hub,Accessories,3,449,1347,Direct,Consumer
ORD-11214,2026-09-11,Oslo,Ingrid Bakke,"Monitor 27"" 4K",Hardware,31,4990,154690,Partner,Enterprise
ORD-11215,2026-09-11,Oslo,Jonas Berg,Onboarding Package,Services,1,7500,7500,Phone,SMB
ORD-11216,2026-09-11,Oslo,Emma Solheim,Office Suite License,Software,2,1188,2376,Web,Consumer
ORD-11217,2026-09-11,Oslo,Jonas Berg,Docking Station,Hardware,11,1890,20790,Web,Public Sector
ORD-11218,2026-09-11,Oslo,Ingrid Bakke,Managed Support (month),Services,2,2490,4980,Direct,Consumer
ORD-11219,2026-09-11,Bergen,Sofie Dahl,Office Suite License,Software,21,1188,24948,Phone,Enterprise
ORD-11220,2026-09-11,Bergen,Sofie Dahl,Wireless Headset,Accessories,4,1290,5160,Partner,SMB
ORD-11221,2026-09-11,Bergen,Markus Vik,USB-C Hub,Accessories,2,449,898,Web,Consumer
ORD-11222,2026-09-11,Bergen,Markus Vik,Security Suite License,Software,3,1548,4644,Direct,Public Sector
ORD-11223,2026-09-11,Bergen,Markus Vik,Wireless Headset,Accessories,2,1290,2580,Direct,Public Sector
ORD-11224,2026-09-11,Bergen,Sofie Dahl,Cloud Backup 1TB,Services,3,990,2970,Phone,SMB
ORD-11225,2026-09-11,Bergen,Markus Vik,Laptop Pro 14,Hardware,14,18990,265860,Direct,Public Sector
ORD-11226,2026-09-11,Bergen,Sofie Dahl,Laptop Air 13,Hardware,2,12490,24980,Phone,SMB
ORD-11227,2026-09-11,Bergen,Sofie Dahl,Wireless Headset,Accessories,4,1290,5160,Direct,Public Sector
ORD-11228,2026-09-11,Bergen,Markus Vik,Cloud Backup 1TB,Services,2,990,1980,Direct,Consumer
ORD-11229,2026-09-11,Bergen,Markus Vik,USB-C Hub,Accessories,1,449,449,Partner,Consumer
ORD-11230,2026-09-11,Bergen,Sofie Dahl,Docking Station,Hardware,7,1890,13230,Direct,Public Sector
ORD-11231,2026-09-11,Bergen,Markus Vik,Laptop Pro 14,Hardware,30,18990,569700,Phone,Enterprise
ORD-11232,2026-09-11,Trondheim,Nora Lien,Laptop Air 13,Hardware,1,12490,12490,Web,SMB
ORD-11233,2026-09-11,Trondheim,Nora Lien,Docking Station,Hardware,7,1890,13230,Web,Enterprise
ORD-11234,2026-09-11,Trondheim,Nora Lien,Security Suite License,Software,8,1548,12384,Partner,Public Sector
ORD-11235,2026-09-11,Trondheim,Henrik Moen,Security Suite License,Software,2,1548,3096,Partner,SMB
ORD-11236,2026-09-11,Trondheim,Henrik Moen,Security Suite License,Software,34,1548,52632,Phone,Enterprise
ORD-11237,2026-09-11,Stavanger,Oda Strand,Mechanical Keyboard,Accessories,4,990,3960,Partner,Public Sector
ORD-11238,2026-09-11,Stavanger,Oda Strand,Mechanical Keyboard,Accessories,2,990,1980,Direct,SMB
ORD-11239,2026-09-11,Tromsø,Mia Foss,USB-C Hub,Accessories,3,449,1347,Partner,SMB
ORD-11240,2026-09-11,Tromsø,Mia Foss,USB-C Hub,Accessories,3,449,1347,Direct,Consumer
ORD-11241,2026-09-11,Tromsø,Mia Foss,Security Suite License,Software,4,1548,6192,Web,Consumer
ORD-11242,2026-09-11,Tromsø,Mia Foss,"Monitor 27"" 4K",Hardware,2,4990,9980,Web,SMB
ORD-11243,2026-09-12,Oslo,Jonas Berg,Wireless Headset,Accessories,4,1290,5160,Direct,SMB
ORD-11244,2026-09-12,Oslo,Ingrid Bakke,Onboarding Package,Services,4,7500,30000,Direct,Consumer
ORD-11245,2026-09-12,Trondheim,Henrik Moen,Laptop Air 13,Hardware,2,12490,24980,Partner,SMB
ORD-11246,2026-09-12,Trondheim,Henrik Moen,"Monitor 27"" 4K",Hardware,11,4990,54890,Phone,Public Sector
ORD-11247,2026-09-13,Oslo,Jonas Berg,Laptop Air 13,Hardware,4,12490,49960,Web,SMB
ORD-11248,2026-09-13,Bergen,Sofie Dahl,Laptop Pro 14,Hardware,1,18990,18990,Direct,SMB
ORD-11249,2026-09-13,Stavanger,Oda Strand,Mechanical Keyboard,Accessories,1,990,990,Direct,SMB
ORD-11250,2026-09-14,Oslo,Jonas Berg,Managed Support (month),Services,1,2490,2490,Partner,Consumer
ORD-11251,2026-09-14,Oslo,Ingrid Bakke,Managed Support (month),Services,18,2490,44820,Web,Enterprise
ORD-11252,2026-09-14,Oslo,Emma Solheim,Wireless Headset,Accessories,1,1290,1290,Web,SMB
ORD-11253,2026-09-14,Oslo,Emma Solheim,Cloud Backup 1TB,Services,2,990,1980,Phone,SMB
ORD-11254,2026-09-14,Oslo,Jonas Berg,Laptop Air 13,Hardware,2,12490,24980,Phone,SMB
ORD-11255,2026-09-14,Oslo,Jonas Berg,USB-C Hub,Accessories,2,449,898,Web,SMB
ORD-11256,2026-09-14,Bergen,Sofie Dahl,Managed Support (month),Services,12,2490,29880,Web,Public Sector
ORD-11257,2026-09-14,Bergen,Sofie Dahl,Security Suite License,Software,4,1548,6192,Direct,SMB
ORD-11258,2026-09-14,Bergen,Sofie Dahl,Wireless Headset,Accessories,10,1290,12900,Direct,Enterprise
ORD-11259,2026-09-14,Bergen,Sofie Dahl,Cloud Backup 1TB,Services,2,990,1980,Partner,Public Sector
ORD-11260,2026-09-14,Bergen,Sofie Dahl,Managed Support (month),Services,2,2490,4980,Direct,SMB
ORD-11261,2026-09-14,Bergen,Markus Vik,Wireless Headset,Accessories,35,1290,45150,Partner,Enterprise
ORD-11262,2026-09-14,Trondheim,Henrik Moen,"Monitor 27"" 4K",Hardware,15,4990,74850,Phone,Public Sector
ORD-11263,2026-09-14,Trondheim,Nora Lien,Wireless Headset,Accessories,7,1290,9030,Web,Enterprise
ORD-11264,2026-09-14,Trondheim,Nora Lien,USB-C Hub,Accessories,3,449,1347,Partner,SMB
ORD-11265,2026-09-14,Trondheim,Nora Lien,Cloud Backup 1TB,Services,34,990,33660,Phone,Enterprise
ORD-11266,2026-09-14,Trondheim,Henrik Moen,USB-C Hub,Accessories,4,449,1796,Partner,SMB
ORD-11267,2026-09-14,Trondheim,Nora Lien,Cloud Backup 1TB,Services,4,990,3960,Partner,Consumer
ORD-11268,2026-09-14,Trondheim,Nora Lien,"Monitor 27"" 4K",Hardware,1,4990,4990,Partner,SMB
ORD-11269,2026-09-14,Trondheim,Henrik Moen,USB-C Hub,Accessories,30,449,13470,Web,Enterprise
ORD-11270,2026-09-14,Trondheim,Henrik Moen,"Monitor 27"" 4K",Hardware,13,4990,64870,Direct,Public Sector
ORD-11271,2026-09-14,Trondheim,Nora Lien,Wireless Headset,Accessories,13,1290,16770,Direct,Public Sector
ORD-11272,2026-09-14,Stavanger,Oda Strand,Laptop Pro 14,Hardware,1,18990,18990,Phone,SMB
ORD-11273,2026-09-14,Stavanger,Oda Strand,Docking Station,Hardware,20,1890,37800,Direct,Enterprise
ORD-11274,2026-09-14,Stavanger,Oda Strand,Laptop Air 13,Hardware,4,12490,49960,Phone,SMB
ORD-11275,2026-09-14,Stavanger,Lars Eide,USB-C Hub,Accessories,2,449,898,Phone,SMB
ORD-11276,2026-09-14,Stavanger,Lars Eide,Office Suite License,Software,20,1188,23760,Phone,Enterprise
ORD-11277,2026-09-14,Tromsø,Mia Foss,Cloud Backup 1TB,Services,3,990,2970,Web,SMB
ORD-11278,2026-09-14,Tromsø,Mia Foss,Managed Support (month),Services,4,2490,9960,Direct,Consumer
ORD-11279,2026-09-15,Oslo,Emma Solheim,Onboarding Package,Services,7,7500,52500,Direct,Enterprise
ORD-11280,2026-09-15,Oslo,Jonas Berg,Office Suite License,Software,19,1188,22572,Web,Enterprise
ORD-11281,2026-09-15,Oslo,Emma Solheim,Laptop Pro 14,Hardware,3,18990,56970,Web,SMB
ORD-11282,2026-09-15,Oslo,Jonas Berg,Managed Support (month),Services,4,2490,9960,Web,SMB
ORD-11283,2026-09-15,Oslo,Jonas Berg,Cloud Backup 1TB,Services,4,990,3960,Web,SMB
ORD-11284,2026-09-15,Oslo,Ingrid Bakke,Wireless Headset,Accessories,19,1290,24510,Phone,Enterprise
ORD-11285,2026-09-15,Oslo,Emma Solheim,Managed Support (month),Services,4,2490,9960,Phone,SMB
ORD-11286,2026-09-15,Oslo,Jonas Berg,Onboarding Package,Services,15,7500,112500,Partner,Public Sector
ORD-11287,2026-09-15,Oslo,Jonas Berg,"Monitor 27"" 4K",Hardware,13,4990,64870,Web,Public Sector
ORD-11288,2026-09-15,Oslo,Emma Solheim,Office Suite License,Software,2,1188,2376,Phone,SMB
ORD-11289,2026-09-15,Oslo,Emma Solheim,Office Suite License,Software,4,1188,4752,Direct,SMB
ORD-11290,2026-09-15,Oslo,Jonas Berg,Docking Station,Hardware,1,1890,1890,Web,SMB
ORD-11291,2026-09-15,Oslo,Jonas Berg,Wireless Headset,Accessories,2,1290,2580,Phone,SMB
ORD-11292,2026-09-15,Oslo,Emma Solheim,Laptop Pro 14,Hardware,3,18990,56970,Direct,Consumer
ORD-11293,2026-09-15,Oslo,Ingrid Bakke,Managed Support (month),Services,3,2490,7470,Partner,SMB
ORD-11294,2026-09-15,Oslo,Jonas Berg,Laptop Pro 14,Hardware,3,18990,56970,Phone,Consumer
ORD-11295,2026-09-15,Oslo,Emma Solheim,Security Suite License,Software,13,1548,20124,Web,Public Sector
ORD-11296,2026-09-15,Bergen,Sofie Dahl,Office Suite License,Software,1,1188,1188,Web,Consumer
ORD-11297,2026-09-15,Bergen,Markus Vik,Security Suite License,Software,1,1548,1548,Phone,SMB
ORD-11298,2026-09-15,Bergen,Markus Vik,Docking Station,Hardware,2,1890,3780,Partner,Consumer
ORD-11299,2026-09-15,Bergen,Sofie Dahl,Security Suite License,Software,14,1548,21672,Partner,Enterprise
ORD-11300,2026-09-15,Trondheim,Henrik Moen,Office Suite License,Software,1,1188,1188,Phone,Consumer
ORD-11301,2026-09-15,Trondheim,Nora Lien,Mechanical Keyboard,Accessories,2,990,1980,Web,SMB
ORD-11302,2026-09-15,Trondheim,Nora Lien,Mechanical Keyboard,Accessories,7,990,6930,Phone,Public Sector
ORD-11303,2026-09-15,Trondheim,Henrik Moen,Security Suite License,Software,2,1548,3096,Phone,SMB
ORD-11304,2026-09-15,Trondheim,Nora Lien,USB-C Hub,Accessories,4,449,1796,Partner,Consumer
ORD-11305,2026-09-15,Trondheim,Henrik Moen,Office Suite License,Software,1,1188,1188,Web,SMB
ORD-11306,2026-09-15,Stavanger,Oda Strand,Mechanical Keyboard,Accessories,2,990,1980,Direct,SMB
ORD-11307,2026-09-15,Stavanger,Oda Strand,USB-C Hub,Accessories,2,449,898,Web,Consumer
ORD-11308,2026-09-15,Stavanger,Lars Eide,USB-C Hub,Accessories,3,449,1347,Partner,SMB
ORD-11309,2026-09-15,Stavanger,Lars Eide,Laptop Pro 14,Hardware,2,18990,37980,Direct,Consumer
ORD-11310,2026-09-15,Stavanger,Lars Eide,Managed Support (month),Services,4,2490,9960,Partner,SMB
ORD-11311,2026-09-15,Stavanger,Lars Eide,Docking Station,Hardware,1,1890,1890,Web,Consumer
ORD-11312,2026-09-15,Tromsø,Mia Foss,Security Suite License,Software,3,1548,4644,Phone,Consumer
ORD-11313,2026-09-15,Tromsø,Mia Foss,Security Suite License,Software,15,1548,23220,Web,Enterprise
ORD-11314,2026-09-16,Oslo,Ingrid Bakke,Security Suite License,Software,3,1548,4644,Direct,SMB
ORD-11315,2026-09-16,Oslo,Emma Solheim,Laptop Air 13,Hardware,6,12490,74940,Partner,Public Sector
ORD-11316,2026-09-16,Oslo,Ingrid Bakke,Laptop Pro 14,Hardware,4,18990,75960,Partner,Consumer
ORD-11317,2026-09-16,Oslo,Emma Solheim,Onboarding Package,Services,3,7500,22500,Phone,SMB
ORD-11318,2026-09-16,Oslo,Emma Solheim,Cloud Backup 1TB,Services,2,990,1980,Partner,Consumer
ORD-11319,2026-09-16,Oslo,Jonas Berg,Wireless Headset,Accessories,13,1290,16770,Direct,Public Sector
ORD-11320,2026-09-16,Oslo,Emma Solheim,Onboarding Package,Services,3,7500,22500,Phone,SMB
ORD-11321,2026-09-16,Oslo,Jonas Berg,Office Suite License,Software,4,1188,4752,Direct,SMB
ORD-11322,2026-09-16,Oslo,Ingrid Bakke,Laptop Pro 14,Hardware,9,18990,170910,Partner,Enterprise
ORD-11323,2026-09-16,Oslo,Emma Solheim,Security Suite License,Software,4,1548,6192,Partner,SMB
ORD-11324,2026-09-16,Oslo,Emma Solheim,Office Suite License,Software,13,1188,15444,Direct,Public Sector
ORD-11325,2026-09-16,Bergen,Markus Vik,"Monitor 27"" 4K",Hardware,34,4990,169660,Phone,Enterprise
ORD-11326,2026-09-16,Bergen,Markus Vik,Onboarding Package,Services,4,7500,30000,Web,SMB
ORD-11327,2026-09-16,Bergen,Markus Vik,Security Suite License,Software,1,1548,1548,Direct,SMB
ORD-11328,2026-09-16,Bergen,Markus Vik,Laptop Air 13,Hardware,3,12490,37470,Web,SMB
ORD-11329,2026-09-16,Bergen,Markus Vik,Laptop Air 13,Hardware,3,12490,37470,Partner,SMB
ORD-11330,2026-09-16,Bergen,Sofie Dahl,Office Suite License,Software,2,1188,2376,Phone,SMB
ORD-11331,2026-09-16,Bergen,Sofie Dahl,Laptop Pro 14,Hardware,3,18990,56970,Partner,Consumer
ORD-11332,2026-09-16,Trondheim,Henrik Moen,"Monitor 27"" 4K",Hardware,4,4990,19960,Web,Consumer
ORD-11333,2026-09-16,Trondheim,Henrik Moen,Security Suite License,Software,1,1548,1548,Direct,SMB
ORD-11334,2026-09-16,Trondheim,Nora Lien,Cloud Backup 1TB,Services,29,990,28710,Direct,Enterprise
ORD-11335,2026-09-16,Trondheim,Henrik Moen,"Monitor 27"" 4K",Hardware,33,4990,164670,Direct,Enterprise
ORD-11336,2026-09-16,Stavanger,Oda Strand,Cloud Backup 1TB,Services,2,990,1980,Direct,SMB
ORD-11337,2026-09-16,Stavanger,Lars Eide,Security Suite License,Software,4,1548,6192,Partner,SMB
ORD-11338,2026-09-16,Stavanger,Oda Strand,"Monitor 27"" 4K",Hardware,10,4990,49900,Web,Public Sector
ORD-11339,2026-09-16,Stavanger,Oda Strand,Docking Station,Hardware,1,1890,1890,Phone,Consumer
ORD-11340,2026-09-16,Stavanger,Lars Eide,Security Suite License,Software,1,1548,1548,Phone,Consumer
ORD-11341,2026-09-16,Stavanger,Oda Strand,Wireless Headset,Accessories,2,1290,2580,Direct,Consumer
ORD-11342,2026-09-16,Stavanger,Oda Strand,Security Suite License,Software,11,1548,17028,Web,Public Sector
ORD-11343,2026-09-16,Tromsø,Mia Foss,Laptop Pro 14,Hardware,2,18990,37980,Direct,SMB
ORD-11344,2026-09-16,Tromsø,Mia Foss,Security Suite License,Software,3,1548,4644,Web,SMB
ORD-11345,2026-09-16,Tromsø,Mia Foss,Laptop Air 13,Hardware,14,12490,174860,Phone,Enterprise
ORD-11346,2026-09-16,Tromsø,Mia Foss,Laptop Air 13,Hardware,4,12490,49960,Phone,SMB
ORD-11347,2026-09-17,Oslo,Ingrid Bakke,Laptop Pro 14,Hardware,1,18990,18990,Partner,SMB
ORD-11348,2026-09-17,Oslo,Ingrid Bakke,USB-C Hub,Accessories,1,449,449,Web,SMB
ORD-11349,2026-09-17,Oslo,Ingrid Bakke,Docking Station,Hardware,37,1890,69930,Direct,Enterprise
ORD-11350,2026-09-17,Oslo,Ingrid Bakke,Onboarding Package,Services,35,7500,262500,Web,Enterprise
ORD-11351,2026-09-17,Oslo,Jonas Berg,Managed Support (month),Services,1,2490,2490,Partner,SMB
ORD-11352,2026-09-17,Oslo,Emma Solheim,Cloud Backup 1TB,Services,2,990,1980,Partner,SMB
ORD-11353,2026-09-17,Oslo,Emma Solheim,USB-C Hub,Accessories,2,449,898,Phone,SMB
ORD-11354,2026-09-17,Oslo,Jonas Berg,Security Suite License,Software,2,1548,3096,Direct,Consumer
ORD-11355,2026-09-17,Oslo,Emma Solheim,Office Suite License,Software,4,1188,4752,Partner,SMB
ORD-11356,2026-09-17,Oslo,Emma Solheim,"Monitor 27"" 4K",Hardware,4,4990,19960,Partner,SMB
ORD-11357,2026-09-17,Oslo,Emma Solheim,Wireless Headset,Accessories,4,1290,5160,Partner,Consumer
ORD-11358,2026-09-17,Oslo,Emma Solheim,Docking Station,Hardware,7,1890,13230,Phone,Enterprise
ORD-11359,2026-09-17,Oslo,Emma Solheim,Security Suite License,Software,10,1548,15480,Direct,Enterprise
ORD-11360,2026-09-17,Oslo,Emma Solheim,Laptop Air 13,Hardware,3,12490,37470,Direct,Consumer
ORD-11361,2026-09-17,Oslo,Ingrid Bakke,Cloud Backup 1TB,Services,3,990,2970,Partner,Consumer
ORD-11362,2026-09-17,Oslo,Emma Solheim,Office Suite License,Software,3,1188,3564,Partner,SMB
ORD-11363,2026-09-17,Oslo,Ingrid Bakke,Office Suite License,Software,2,1188,2376,Web,SMB
ORD-11364,2026-09-17,Oslo,Emma Solheim,Office Suite License,Software,1,1188,1188,Phone,SMB
ORD-11365,2026-09-17,Oslo,Jonas Berg,Security Suite License,Software,4,1548,6192,Direct,Consumer
ORD-11366,2026-09-17,Oslo,Emma Solheim,Laptop Air 13,Hardware,1,12490,12490,Web,Consumer
ORD-11367,2026-09-17,Oslo,Emma Solheim,Office Suite License,Software,15,1188,17820,Direct,Public Sector
ORD-11368,2026-09-17,Bergen,Sofie Dahl,USB-C Hub,Accessories,1,449,449,Web,SMB
ORD-11369,2026-09-17,Bergen,Sofie Dahl,Mechanical Keyboard,Accessories,4,990,3960,Web,Consumer
ORD-11370,2026-09-17,Bergen,Markus Vik,Onboarding Package,Services,3,7500,22500,Partner,SMB
ORD-11371,2026-09-17,Bergen,Markus Vik,Laptop Air 13,Hardware,3,12490,37470,Phone,Consumer
ORD-11372,2026-09-17,Bergen,Markus Vik,Office Suite License,Software,1,1188,1188,Partner,Consumer
ORD-11373,2026-09-17,Bergen,Sofie Dahl,Onboarding Package,Services,2,7500,15000,Phone,Public Sector
ORD-11374,2026-09-17,Bergen,Sofie Dahl,Laptop Air 13,Hardware,4,12490,49960,Phone,Consumer
ORD-11375,2026-09-17,Bergen,Markus Vik,Managed Support (month),Services,3,2490,7470,Phone,Public Sector
ORD-11376,2026-09-17,Bergen,Markus Vik,"Monitor 27"" 4K",Hardware,2,4990,9980,Partner,SMB
ORD-11377,2026-09-17,Bergen,Markus Vik,Managed Support (month),Services,3,2490,7470,Direct,SMB
ORD-11378,2026-09-17,Trondheim,Henrik Moen,Mechanical Keyboard,Accessories,4,990,3960,Partner,SMB
ORD-11379,2026-09-17,Trondheim,Henrik Moen,Managed Support (month),Services,28,2490,69720,Web,Enterprise
ORD-11380,2026-09-17,Trondheim,Henrik Moen,Laptop Pro 14,Hardware,4,18990,75960,Direct,SMB
ORD-11381,2026-09-17,Trondheim,Nora Lien,Laptop Pro 14,Hardware,3,18990,56970,Web,SMB
ORD-11382,2026-09-17,Trondheim,Henrik Moen,Onboarding Package,Services,4,7500,30000,Web,SMB
ORD-11383,2026-09-17,Trondheim,Henrik Moen,Docking Station,Hardware,3,1890,5670,Web,SMB
ORD-11384,2026-09-17,Trondheim,Henrik Moen,Laptop Pro 14,Hardware,26,18990,493740,Partner,Enterprise
ORD-11385,2026-09-17,Trondheim,Henrik Moen,Laptop Air 13,Hardware,8,12490,99920,Partner,Enterprise
ORD-11386,2026-09-17,Stavanger,Oda Strand,Laptop Air 13,Hardware,4,12490,49960,Web,Consumer
ORD-11387,2026-09-17,Stavanger,Lars Eide,Cloud Backup 1TB,Services,1,990,990,Direct,Consumer
ORD-11388,2026-09-17,Stavanger,Lars Eide,Onboarding Package,Services,2,7500,15000,Web,SMB
ORD-11389,2026-09-17,Stavanger,Lars Eide,Laptop Pro 14,Hardware,4,18990,75960,Web,SMB
ORD-11390,2026-09-17,Stavanger,Oda Strand,Managed Support (month),Services,1,2490,2490,Partner,SMB
ORD-11391,2026-09-17,Tromsø,Mia Foss,Docking Station,Hardware,1,1890,1890,Direct,Consumer
ORD-11392,2026-09-17,Tromsø,Mia Foss,Office Suite License,Software,1,1188,1188,Partner,Consumer
ORD-11393,2026-09-17,Tromsø,Mia Foss,Office Suite License,Software,11,1188,13068,Web,Enterprise
ORD-11394,2026-09-18,Oslo,Ingrid Bakke,Cloud Backup 1TB,Services,2,990,1980,Partner,Consumer
ORD-11395,2026-09-18,Oslo,Jonas Berg,USB-C Hub,Accessories,16,449,7184,Phone,Enterprise
ORD-11396,2026-09-18,Oslo,Ingrid Bakke,Onboarding Package,Services,24,7500,180000,Phone,Enterprise
ORD-11397,2026-09-18,Oslo,Ingrid Bakke,Onboarding Package,Services,1,7500,7500,Phone,SMB
ORD-11398,2026-09-18,Oslo,Ingrid Bakke,Docking Station,Hardware,1,1890,1890,Direct,Consumer
ORD-11399,2026-09-18,Oslo,Jonas Berg,Docking Station,Hardware,2,1890,3780,Web,Consumer
ORD-11400,2026-09-18,Oslo,Jonas Berg,Docking Station,Hardware,11,1890,20790,Partner,Public Sector
ORD-11401,2026-09-18,Oslo,Emma Solheim,Cloud Backup 1TB,Services,7,990,6930,Phone,Public Sector
ORD-11402,2026-09-18,Bergen,Markus Vik,Office Suite License,Software,1,1188,1188,Phone,SMB
ORD-11403,2026-09-18,Bergen,Markus Vik,Office Suite License,Software,9,1188,10692,Partner,Public Sector
ORD-11404,2026-09-18,Bergen,Sofie Dahl,Docking Station,Hardware,1,1890,1890,Partner,SMB
ORD-11405,2026-09-18,Bergen,Markus Vik,Laptop Air 13,Hardware,1,12490,12490,Phone,SMB
ORD-11406,2026-09-18,Bergen,Sofie Dahl,Office Suite License,Software,3,1188,3564,Web,SMB
ORD-11407,2026-09-18,Bergen,Markus Vik,Docking Station,Hardware,2,1890,3780,Phone,SMB
ORD-11408,2026-09-18,Bergen,Sofie Dahl,Onboarding Package,Services,2,7500,15000,Phone,SMB
ORD-11409,2026-09-18,Bergen,Markus Vik,Laptop Pro 14,Hardware,3,18990,56970,Web,SMB
ORD-11410,2026-09-18,Bergen,Markus Vik,Managed Support (month),Services,1,2490,2490,Partner,SMB
ORD-11411,2026-09-18,Bergen,Markus Vik,Wireless Headset,Accessories,28,1290,36120,Phone,Enterprise
ORD-11412,2026-09-18,Bergen,Sofie Dahl,Onboarding Package,Services,2,7500,15000,Phone,SMB
ORD-11413,2026-09-18,Trondheim,Henrik Moen,Docking Station,Hardware,25,1890,47250,Direct,Enterprise
ORD-11414,2026-09-18,Trondheim,Henrik Moen,Laptop Pro 14,Hardware,2,18990,37980,Partner,Consumer
ORD-11415,2026-09-18,Trondheim,Henrik Moen,Mechanical Keyboard,Accessories,3,990,2970,Phone,SMB
ORD-11416,2026-09-18,Trondheim,Nora Lien,Docking Station,Hardware,14,1890,26460,Web,Public Sector
ORD-11417,2026-09-18,Trondheim,Henrik Moen,Security Suite License,Software,3,1548,4644,Direct,SMB
ORD-11418,2026-09-18,Trondheim,Nora Lien,"Monitor 27"" 4K",Hardware,3,4990,14970,Direct,SMB
ORD-11419,2026-09-18,Trondheim,Nora Lien,Office Suite License,Software,4,1188,4752,Web,SMB
ORD-11420,2026-09-18,Trondheim,Henrik Moen,Docking Station,Hardware,4,1890,7560,Phone,Consumer
ORD-11421,2026-09-18,Stavanger,Lars Eide,Cloud Backup 1TB,Services,3,990,2970,Web,Consumer
ORD-11422,2026-09-18,Stavanger,Oda Strand,Laptop Air 13,Hardware,3,12490,37470,Phone,SMB
ORD-11423,2026-09-18,Stavanger,Oda Strand,Office Suite License,Software,32,1188,38016,Direct,Enterprise
ORD-11424,2026-09-18,Tromsø,Mia Foss,USB-C Hub,Accessories,4,449,1796,Partner,SMB
ORD-11425,2026-09-18,Tromsø,Mia Foss,USB-C Hub,Accessories,4,449,1796,Phone,SMB
ORD-11426,2026-09-18,Tromsø,Mia Foss,Managed Support (month),Services,1,2490,2490,Partner,SMB
ORD-11427,2026-09-19,Oslo,Emma Solheim,Laptop Air 13,Hardware,2,12490,24980,Web,Consumer
ORD-11428,2026-09-19,Oslo,Ingrid Bakke,Managed Support (month),Services,2,2490,4980,Partner,SMB
ORD-11429,2026-09-19,Oslo,Jonas Berg,Wireless Headset,Accessories,5,1290,6450,Phone,Public Sector
ORD-11430,2026-09-19,Oslo,Emma Solheim,Onboarding Package,Services,5,7500,37500,Partner,Enterprise
ORD-11431,2026-09-19,Bergen,Sofie Dahl,Mechanical Keyboard,Accessories,4,990,3960,Direct,Consumer
ORD-11432,2026-09-19,Trondheim,Henrik Moen,Office Suite License,Software,15,1188,17820,Direct,Public Sector
ORD-11433,2026-09-19,Trondheim,Henrik Moen,Docking Station,Hardware,9,1890,17010,Phone,Public Sector
ORD-11434,2026-09-20,Oslo,Jonas Berg,Onboarding Package,Services,3,7500,22500,Web,Consumer
ORD-11435,2026-09-20,Oslo,Jonas Berg,Docking Station,Hardware,4,1890,7560,Phone,SMB
ORD-11436,2026-09-20,Trondheim,Henrik Moen,Mechanical Keyboard,Accessories,2,990,1980,Partner,SMB
ORD-11437,2026-09-20,Stavanger,Lars Eide,Mechanical Keyboard,Accessories,4,990,3960,Direct,SMB
ORD-11438,2026-09-21,Oslo,Jonas Berg,Mechanical Keyboard,Accessories,13,990,12870,Phone,Enterprise
ORD-11439,2026-09-21,Oslo,Jonas Berg,Cloud Backup 1TB,Services,8,990,7920,Phone,Public Sector
ORD-11440,2026-09-21,Oslo,Jonas Berg,Laptop Air 13,Hardware,35,12490,437150,Web,Enterprise
ORD-11441,2026-09-21,Oslo,Jonas Berg,Cloud Backup 1TB,Services,3,990,2970,Phone,Public Sector
ORD-11442,2026-09-21,Oslo,Ingrid Bakke,Managed Support (month),Services,4,2490,9960,Web,SMB
ORD-11443,2026-09-21,Oslo,Ingrid Bakke,Onboarding Package,Services,2,7500,15000,Partner,SMB
ORD-11444,2026-09-21,Oslo,Emma Solheim,Security Suite License,Software,1,1548,1548,Partner,SMB
ORD-11445,2026-09-21,Oslo,Emma Solheim,Laptop Pro 14,Hardware,4,18990,75960,Direct,SMB
ORD-11446,2026-09-21,Oslo,Ingrid Bakke,Onboarding Package,Services,29,7500,217500,Phone,Enterprise
ORD-11447,2026-09-21,Oslo,Ingrid Bakke,Managed Support (month),Services,11,2490,27390,Partner,Public Sector
ORD-11448,2026-09-21,Oslo,Emma Solheim,Docking Station,Hardware,22,1890,41580,Phone,Enterprise
ORD-11449,2026-09-21,Oslo,Ingrid Bakke,"Monitor 27"" 4K",Hardware,2,4990,9980,Partner,Consumer
ORD-11450,2026-09-21,Bergen,Sofie Dahl,Office Suite License,Software,10,1188,11880,Partner,Enterprise
ORD-11451,2026-09-21,Bergen,Sofie Dahl,Mechanical Keyboard,Accessories,8,990,7920,Phone,Public Sector
ORD-11452,2026-09-21,Bergen,Sofie Dahl,Docking Station,Hardware,4,1890,7560,Direct,SMB
ORD-11453,2026-09-21,Trondheim,Henrik Moen,USB-C Hub,Accessories,5,449,2245,Phone,Public Sector
ORD-11454,2026-09-21,Trondheim,Nora Lien,Managed Support (month),Services,18,2490,44820,Direct,Enterprise
ORD-11455,2026-09-21,Trondheim,Nora Lien,Security Suite License,Software,3,1548,4644,Web,SMB
ORD-11456,2026-09-21,Trondheim,Henrik Moen,Security Suite License,Software,3,1548,4644,Direct,Consumer
ORD-11457,2026-09-21,Stavanger,Lars Eide,"Monitor 27"" 4K",Hardware,1,4990,4990,Direct,SMB
ORD-11458,2026-09-21,Stavanger,Oda Strand,Laptop Air 13,Hardware,8,12490,99920,Partner,Public Sector
ORD-11459,2026-09-21,Stavanger,Lars Eide,Docking Station,Hardware,1,1890,1890,Partner,SMB
ORD-11460,2026-09-21,Stavanger,Oda Strand,Onboarding Package,Services,3,7500,22500,Direct,Consumer
ORD-11461,2026-09-21,Stavanger,Lars Eide,Office Suite License,Software,2,1188,2376,Direct,SMB
ORD-11462,2026-09-21,Stavanger,Oda Strand,Office Suite License,Software,2,1188,2376,Phone,Consumer
ORD-11463,2026-09-21,Stavanger,Oda Strand,Cloud Backup 1TB,Services,4,990,3960,Phone,SMB
ORD-11464,2026-09-21,Tromsø,Mia Foss,"Monitor 27"" 4K",Hardware,2,4990,9980,Phone,SMB
ORD-11465,2026-09-21,Tromsø,Mia Foss,Managed Support (month),Services,8,2490,19920,Web,Enterprise
ORD-11466,2026-09-21,Tromsø,Mia Foss,Onboarding Package,Services,1,7500,7500,Web,SMB
ORD-11467,2026-09-21,Tromsø,Mia Foss,USB-C Hub,Accessories,2,449,898,Partner,Consumer
ORD-11468,2026-09-22,Oslo,Ingrid Bakke,Onboarding Package,Services,1,7500,7500,Partner,SMB
ORD-11469,2026-09-22,Oslo,Ingrid Bakke,Managed Support (month),Services,1,2490,2490,Phone,SMB
ORD-11470,2026-09-22,Oslo,Emma Solheim,"Monitor 27"" 4K",Hardware,1,4990,4990,Partner,SMB
ORD-11471,2026-09-22,Oslo,Jonas Berg,Security Suite License,Software,10,1548,15480,Direct,Public Sector
ORD-11472,2026-09-22,Oslo,Jonas Berg,Laptop Air 13,Hardware,1,12490,12490,Partner,SMB
ORD-11473,2026-09-22,Oslo,Jonas Berg,"Monitor 27"" 4K",Hardware,3,4990,14970,Web,SMB
ORD-11474,2026-09-22,Oslo,Jonas Berg,Docking Station,Hardware,22,1890,41580,Partner,Enterprise
ORD-11475,2026-09-22,Oslo,Ingrid Bakke,Laptop Air 13,Hardware,4,12490,49960,Web,SMB
ORD-11476,2026-09-22,Oslo,Emma Solheim,Security Suite License,Software,2,1548,3096,Partner,Consumer
ORD-11477,2026-09-22,Oslo,Ingrid Bakke,Managed Support (month),Services,7,2490,17430,Phone,Public Sector
ORD-11478,2026-09-22,Oslo,Emma Solheim,Onboarding Package,Services,4,7500,30000,Web,SMB
ORD-11479,2026-09-22,Oslo,Jonas Berg,Laptop Pro 14,Hardware,8,18990,151920,Phone,Public Sector
ORD-11480,2026-09-22,Oslo,Emma Solheim,Cloud Backup 1TB,Services,1,990,990,Web,SMB
ORD-11481,2026-09-22,Oslo,Jonas Berg,Docking Station,Hardware,11,1890,20790,Web,Public Sector
ORD-11482,2026-09-22,Oslo,Ingrid Bakke,Onboarding Package,Services,4,7500,30000,Phone,SMB
ORD-11483,2026-09-22,Oslo,Emma Solheim,Laptop Pro 14,Hardware,4,18990,75960,Partner,SMB
ORD-11484,2026-09-22,Bergen,Markus Vik,Security Suite License,Software,4,1548,6192,Partner,Consumer
ORD-11485,2026-09-22,Bergen,Markus Vik,Docking Station,Hardware,3,1890,5670,Partner,Consumer
ORD-11486,2026-09-22,Bergen,Markus Vik,Docking Station,Hardware,19,1890,35910,Direct,Enterprise
ORD-11487,2026-09-22,Bergen,Sofie Dahl,"Monitor 27"" 4K",Hardware,1,4990,4990,Web,SMB
ORD-11488,2026-09-22,Bergen,Sofie Dahl,Laptop Air 13,Hardware,1,12490,12490,Phone,Consumer
ORD-11489,2026-09-22,Bergen,Markus Vik,"Monitor 27"" 4K",Hardware,2,4990,9980,Phone,SMB
ORD-11490,2026-09-22,Bergen,Markus Vik,USB-C Hub,Accessories,4,449,1796,Phone,Public Sector
ORD-11491,2026-09-22,Bergen,Markus Vik,USB-C Hub,Accessories,2,449,898,Partner,SMB
ORD-11492,2026-09-22,Bergen,Sofie Dahl,Cloud Backup 1TB,Services,15,990,14850,Direct,Public Sector
ORD-11493,2026-09-22,Bergen,Markus Vik,Mechanical Keyboard,Accessories,2,990,1980,Direct,SMB
ORD-11494,2026-09-22,Trondheim,Nora Lien,USB-C Hub,Accessories,14,449,6286,Direct,Enterprise
ORD-11495,2026-09-22,Trondheim,Henrik Moen,USB-C Hub,Accessories,1,449,449,Partner,SMB
ORD-11496,2026-09-22,Trondheim,Henrik Moen,Security Suite License,Software,8,1548,12384,Direct,Public Sector
ORD-11497,2026-09-22,Trondheim,Nora Lien,Office Suite License,Software,4,1188,4752,Web,SMB
ORD-11498,2026-09-22,Trondheim,Nora Lien,"Monitor 27"" 4K",Hardware,4,4990,19960,Phone,Public Sector
ORD-11499,2026-09-22,Trondheim,Henrik Moen,Laptop Pro 14,Hardware,3,18990,56970,Direct,Consumer
ORD-11500,2026-09-22,Trondheim,Nora Lien,USB-C Hub,Accessories,3,449,1347,Direct,Consumer
ORD-11501,2026-09-22,Trondheim,Nora Lien,Wireless Headset,Accessories,8,1290,10320,Web,Public Sector
ORD-11502,2026-09-22,Stavanger,Oda Strand,Docking Station,Hardware,3,1890,5670,Partner,Consumer
ORD-11503,2026-09-22,Stavanger,Lars Eide,Managed Support (month),Services,12,2490,29880,Direct,Public Sector
ORD-11504,2026-09-22,Stavanger,Lars Eide,Onboarding Package,Services,4,7500,30000,Web,SMB
ORD-11505,2026-09-22,Stavanger,Lars Eide,Managed Support (month),Services,13,2490,32370,Phone,Public Sector
ORD-11506,2026-09-22,Stavanger,Lars Eide,Cloud Backup 1TB,Services,5,990,4950,Phone,Public Sector
ORD-11507,2026-09-22,Stavanger,Oda Strand,Laptop Air 13,Hardware,4,12490,49960,Direct,Consumer
ORD-11508,2026-09-22,Tromsø,Mia Foss,Security Suite License,Software,4,1548,6192,Phone,Consumer
ORD-11509,2026-09-22,Tromsø,Mia Foss,Wireless Headset,Accessories,11,1290,14190,Partner,Public Sector
ORD-11510,2026-09-22,Tromsø,Mia Foss,Onboarding Package,Services,1,7500,7500,Partner,Consumer
ORD-11511,2026-09-23,Oslo,Ingrid Bakke,Onboarding Package,Services,2,7500,15000,Direct,SMB
ORD-11512,2026-09-23,Oslo,Ingrid Bakke,Managed Support (month),Services,4,2490,9960,Partner,SMB
ORD-11513,2026-09-23,Oslo,Emma Solheim,USB-C Hub,Accessories,3,449,1347,Phone,SMB
ORD-11514,2026-09-23,Oslo,Emma Solheim,"Monitor 27"" 4K",Hardware,2,4990,9980,Web,SMB
ORD-11515,2026-09-23,Oslo,Jonas Berg,Cloud Backup 1TB,Services,1,990,990,Phone,SMB
ORD-11516,2026-09-23,Oslo,Ingrid Bakke,Wireless Headset,Accessories,4,1290,5160,Web,Consumer
ORD-11517,2026-09-23,Oslo,Emma Solheim,"Monitor 27"" 4K",Hardware,1,4990,4990,Direct,SMB
ORD-11518,2026-09-23,Oslo,Ingrid Bakke,Laptop Pro 14,Hardware,36,18990,683640,Web,Enterprise
ORD-11519,2026-09-23,Oslo,Ingrid Bakke,Laptop Pro 14,Hardware,3,18990,56970,Phone,Public Sector
ORD-11520,2026-09-23,Oslo,Emma Solheim,Laptop Pro 14,Hardware,3,18990,56970,Direct,SMB
ORD-11521,2026-09-23,Oslo,Jonas Berg,Mechanical Keyboard,Accessories,7,990,6930,Partner,Public Sector
ORD-11522,2026-09-23,Oslo,Jonas Berg,Docking Station,Hardware,4,1890,7560,Direct,Consumer
ORD-11523,2026-09-23,Oslo,Emma Solheim,Laptop Pro 14,Hardware,3,18990,56970,Web,Consumer
ORD-11524,2026-09-23,Bergen,Markus Vik,Office Suite License,Software,4,1188,4752,Phone,Consumer
ORD-11525,2026-09-23,Bergen,Markus Vik,Cloud Backup 1TB,Services,28,990,27720,Direct,Enterprise
ORD-11526,2026-09-23,Bergen,Sofie Dahl,Security Suite License,Software,2,1548,3096,Web,SMB
ORD-11527,2026-09-23,Bergen,Sofie Dahl,Laptop Pro 14,Hardware,14,18990,265860,Partner,Public Sector
ORD-11528,2026-09-23,Bergen,Sofie Dahl,Docking Station,Hardware,13,1890,24570,Web,Public Sector
ORD-11529,2026-09-23,Trondheim,Nora Lien,Managed Support (month),Services,1,2490,2490,Direct,Consumer
ORD-11530,2026-09-23,Trondheim,Nora Lien,Cloud Backup 1TB,Services,1,990,990,Phone,SMB
ORD-11531,2026-09-23,Trondheim,Nora Lien,Laptop Air 13,Hardware,4,12490,49960,Phone,SMB
ORD-11532,2026-09-23,Stavanger,Lars Eide,Laptop Air 13,Hardware,20,12490,249800,Phone,Enterprise
ORD-11533,2026-09-23,Stavanger,Oda Strand,Managed Support (month),Services,8,2490,19920,Web,Public Sector
ORD-11534,2026-09-23,Stavanger,Oda Strand,Mechanical Keyboard,Accessories,3,990,2970,Phone,Consumer
ORD-11535,2026-09-23,Stavanger,Lars Eide,Managed Support (month),Services,13,2490,32370,Direct,Enterprise
ORD-11536,2026-09-23,Stavanger,Oda Strand,Onboarding Package,Services,2,7500,15000,Web,SMB
ORD-11537,2026-09-23,Stavanger,Lars Eide,USB-C Hub,Accessories,4,449,1796,Direct,Consumer
ORD-11538,2026-09-23,Stavanger,Oda Strand,Docking Station,Hardware,3,1890,5670,Web,SMB
ORD-11539,2026-09-23,Stavanger,Oda Strand,Laptop Air 13,Hardware,2,12490,24980,Web,SMB
ORD-11540,2026-09-23,Stavanger,Lars Eide,"Monitor 27"" 4K",Hardware,4,4990,19960,Web,Consumer
ORD-11541,2026-09-23,Tromsø,Mia Foss,USB-C Hub,Accessories,3,449,1347,Partner,Consumer
ORD-11542,2026-09-23,Tromsø,Mia Foss,Security Suite License,Software,3,1548,4644,Direct,Public Sector
ORD-11543,2026-09-24,Oslo,Ingrid Bakke,Security Suite License,Software,3,1548,4644,Phone,SMB
ORD-11544,2026-09-24,Oslo,Jonas Berg,Managed Support (month),Services,14,2490,34860,Web,Enterprise
ORD-11545,2026-09-24,Oslo,Emma Solheim,Mechanical Keyboard,Accessories,1,990,990,Partner,SMB
ORD-11546,2026-09-24,Oslo,Emma Solheim,Cloud Backup 1TB,Services,4,990,3960,Partner,Consumer
ORD-11547,2026-09-24,Oslo,Emma Solheim,USB-C Hub,Accessories,3,449,1347,Phone,SMB
ORD-11548,2026-09-24,Oslo,Emma Solheim,Docking Station,Hardware,2,1890,3780,Web,Consumer
ORD-11549,2026-09-24,Oslo,Ingrid Bakke,Office Suite License,Software,2,1188,2376,Web,SMB
ORD-11550,2026-09-24,Oslo,Emma Solheim,USB-C Hub,Accessories,4,449,1796,Partner,SMB
ORD-11551,2026-09-24,Oslo,Jonas Berg,USB-C Hub,Accessories,3,449,1347,Partner,SMB
ORD-11552,2026-09-24,Oslo,Emma Solheim,Docking Station,Hardware,3,1890,5670,Phone,Public Sector
ORD-11553,2026-09-24,Oslo,Jonas Berg,Cloud Backup 1TB,Services,3,990,2970,Direct,SMB
ORD-11554,2026-09-24,Oslo,Emma Solheim,"Monitor 27"" 4K",Hardware,35,4990,174650,Partner,Enterprise
ORD-11555,2026-09-24,Oslo,Ingrid Bakke,Managed Support (month),Services,1,2490,2490,Partner,SMB
ORD-11556,2026-09-24,Oslo,Emma Solheim,Cloud Backup 1TB,Services,2,990,1980,Direct,Consumer
ORD-11557,2026-09-24,Oslo,Jonas Berg,Managed Support (month),Services,1,2490,2490,Web,Consumer
ORD-11558,2026-09-24,Oslo,Jonas Berg,Office Suite License,Software,1,1188,1188,Web,SMB
ORD-11559,2026-09-24,Bergen,Sofie Dahl,"Monitor 27"" 4K",Hardware,5,4990,24950,Web,Public Sector
ORD-11560,2026-09-24,Bergen,Markus Vik,Docking Station,Hardware,3,1890,5670,Phone,SMB
ORD-11561,2026-09-24,Bergen,Sofie Dahl,Onboarding Package,Services,1,7500,7500,Direct,Consumer
ORD-11562,2026-09-24,Bergen,Sofie Dahl,Wireless Headset,Accessories,7,1290,9030,Web,Public Sector
ORD-11563,2026-09-24,Bergen,Markus Vik,Laptop Air 13,Hardware,4,12490,49960,Phone,SMB
ORD-11564,2026-09-24,Bergen,Markus Vik,Cloud Backup 1TB,Services,11,990,10890,Phone,Enterprise
ORD-11565,2026-09-24,Bergen,Sofie Dahl,Office Suite License,Software,4,1188,4752,Partner,Consumer
ORD-11566,2026-09-24,Bergen,Markus Vik,Laptop Air 13,Hardware,2,12490,24980,Direct,SMB
ORD-11567,2026-09-24,Bergen,Markus Vik,USB-C Hub,Accessories,9,449,4041,Web,Enterprise
ORD-11568,2026-09-24,Bergen,Markus Vik,Managed Support (month),Services,2,2490,4980,Phone,Consumer
ORD-11569,2026-09-24,Bergen,Markus Vik,Security Suite License,Software,3,1548,4644,Web,SMB
ORD-11570,2026-09-24,Trondheim,Henrik Moen,"Monitor 27"" 4K",Hardware,10,4990,49900,Partner,Enterprise
ORD-11571,2026-09-24,Trondheim,Henrik Moen,Laptop Air 13,Hardware,3,12490,37470,Partner,Consumer
ORD-11572,2026-09-24,Trondheim,Henrik Moen,USB-C Hub,Accessories,1,449,449,Phone,Consumer
ORD-11573,2026-09-24,Trondheim,Nora Lien,Laptop Pro 14,Hardware,3,18990,56970,Direct,Consumer
ORD-11574,2026-09-24,Trondheim,Henrik Moen,Cloud Backup 1TB,Services,3,990,2970,Phone,SMB
ORD-11575,2026-09-24,Trondheim,Henrik Moen,Managed Support (month),Services,2,2490,4980,Web,Consumer
ORD-11576,2026-09-24,Stavanger,Oda Strand,"Monitor 27"" 4K",Hardware,11,4990,54890,Partner,Public Sector
ORD-11577,2026-09-24,Stavanger,Lars Eide,"Monitor 27"" 4K",Hardware,3,4990,14970,Partner,Public Sector
ORD-11578,2026-09-24,Stavanger,Lars Eide,USB-C Hub,Accessories,8,449,3592,Direct,Public Sector
ORD-11579,2026-09-24,Stavanger,Oda Strand,Wireless Headset,Accessories,10,1290,12900,Phone,Public Sector
ORD-11580,2026-09-24,Stavanger,Oda Strand,Managed Support (month),Services,13,2490,32370,Partner,Public Sector
ORD-11581,2026-09-24,Tromsø,Mia Foss,USB-C Hub,Accessories,3,449,1347,Direct,Consumer
ORD-11582,2026-09-24,Tromsø,Mia Foss,Laptop Pro 14,Hardware,2,18990,37980,Web,Consumer
ORD-11583,2026-09-24,Tromsø,Mia Foss,Laptop Air 13,Hardware,9,12490,112410,Partner,Enterprise
ORD-11584,2026-09-25,Oslo,Jonas Berg,Wireless Headset,Accessories,2,1290,2580,Partner,SMB
ORD-11585,2026-09-25,Oslo,Ingrid Bakke,Laptop Pro 14,Hardware,1,18990,18990,Web,SMB
ORD-11586,2026-09-25,Oslo,Ingrid Bakke,Security Suite License,Software,4,1548,6192,Web,SMB
ORD-11587,2026-09-25,Oslo,Emma Solheim,Mechanical Keyboard,Accessories,10,990,9900,Partner,Public Sector
ORD-11588,2026-09-25,Oslo,Emma Solheim,Laptop Air 13,Hardware,2,12490,24980,Partner,Consumer
ORD-11589,2026-09-25,Oslo,Jonas Berg,"Monitor 27"" 4K",Hardware,4,4990,19960,Direct,SMB
ORD-11590,2026-09-25,Oslo,Emma Solheim,"Monitor 27"" 4K",Hardware,2,4990,9980,Phone,SMB
ORD-11591,2026-09-25,Oslo,Ingrid Bakke,USB-C Hub,Accessories,3,449,1347,Phone,SMB
ORD-11592,2026-09-25,Bergen,Sofie Dahl,Onboarding Package,Services,27,7500,202500,Direct,Enterprise
ORD-11593,2026-09-25,Bergen,Sofie Dahl,Wireless Headset,Accessories,2,1290,2580,Partner,Consumer
ORD-11594,2026-09-25,Bergen,Markus Vik,Wireless Headset,Accessories,3,1290,3870,Web,SMB
ORD-11595,2026-09-25,Bergen,Markus Vik,Laptop Air 13,Hardware,4,12490,49960,Web,Public Sector
ORD-11596,2026-09-25,Bergen,Markus Vik,Onboarding Package,Services,4,7500,30000,Web,SMB
ORD-11597,2026-09-25,Trondheim,Henrik Moen,Office Suite License,Software,30,1188,35640,Web,Enterprise
ORD-11598,2026-09-25,Trondheim,Henrik Moen,Onboarding Package,Services,4,7500,30000,Partner,SMB
ORD-11599,2026-09-25,Trondheim,Henrik Moen,Onboarding Package,Services,11,7500,82500,Direct,Public Sector
ORD-11600,2026-09-25,Trondheim,Henrik Moen,Managed Support (month),Services,2,2490,4980,Phone,Consumer
ORD-11601,2026-09-25,Trondheim,Henrik Moen,Mechanical Keyboard,Accessories,3,990,2970,Web,Consumer
ORD-11602,2026-09-25,Trondheim,Nora Lien,Office Suite License,Software,3,1188,3564,Web,SMB
ORD-11603,2026-09-25,Trondheim,Nora Lien,Managed Support (month),Services,1,2490,2490,Partner,SMB
ORD-11604,2026-09-25,Trondheim,Nora Lien,Office Suite License,Software,2,1188,2376,Web,SMB
ORD-11605,2026-09-25,Stavanger,Lars Eide,Docking Station,Hardware,1,1890,1890,Direct,Consumer
ORD-11606,2026-09-25,Stavanger,Lars Eide,Laptop Pro 14,Hardware,4,18990,75960,Partner,SMB
ORD-11607,2026-09-25,Stavanger,Lars Eide,Mechanical Keyboard,Accessories,3,990,2970,Phone,SMB
ORD-11608,2026-09-25,Stavanger,Lars Eide,Mechanical Keyboard,Accessories,4,990,3960,Direct,SMB
ORD-11609,2026-09-25,Tromsø,Mia Foss,USB-C Hub,Accessories,4,449,1796,Web,SMB
ORD-11610,2026-09-25,Tromsø,Mia Foss,Managed Support (month),Services,4,2490,9960,Direct,SMB
ORD-11611,2026-09-25,Tromsø,Mia Foss,Wireless Headset,Accessories,2,1290,2580,Partner,SMB
ORD-11612,2026-09-26,Oslo,Ingrid Bakke,Office Suite License,Software,2,1188,2376,Partner,SMB
ORD-11613,2026-09-26,Oslo,Emma Solheim,USB-C Hub,Accessories,2,449,898,Web,SMB
ORD-11614,2026-09-26,Oslo,Ingrid Bakke,Onboarding Package,Services,3,7500,22500,Web,SMB
ORD-11615,2026-09-26,Oslo,Ingrid Bakke,Onboarding Package,Services,3,7500,22500,Web,Consumer
ORD-11616,2026-09-26,Oslo,Jonas Berg,Office Suite License,Software,25,1188,29700,Direct,Enterprise
ORD-11617,2026-09-26,Trondheim,Nora Lien,"Monitor 27"" 4K",Hardware,1,4990,4990,Web,SMB
ORD-11618,2026-09-26,Trondheim,Henrik Moen,"Monitor 27"" 4K",Hardware,1,4990,4990,Phone,SMB
ORD-11619,2026-09-26,Stavanger,Lars Eide,Cloud Backup 1TB,Services,3,990,2970,Partner,SMB
ORD-11620,2026-09-26,Stavanger,Lars Eide,Laptop Air 13,Hardware,2,12490,24980,Phone,Consumer
ORD-11621,2026-09-26,Tromsø,Mia Foss,Docking Station,Hardware,1,1890,1890,Partner,SMB
ORD-11622,2026-09-27,Oslo,Jonas Berg,Docking Station,Hardware,37,1890,69930,Phone,Enterprise
ORD-11623,2026-09-27,Oslo,Ingrid Bakke,Cloud Backup 1TB,Services,4,990,3960,Web,SMB
ORD-11624,2026-09-27,Bergen,Sofie Dahl,Docking Station,Hardware,4,1890,7560,Web,Consumer
ORD-11625,2026-09-27,Trondheim,Henrik Moen,USB-C Hub,Accessories,3,449,1347,Phone,SMB
ORD-11626,2026-09-28,Oslo,Ingrid Bakke,Security Suite License,Software,1,1548,1548,Partner,SMB
ORD-11627,2026-09-28,Oslo,Jonas Berg,Wireless Headset,Accessories,4,1290,5160,Phone,Consumer
ORD-11628,2026-09-28,Oslo,Jonas Berg,Laptop Pro 14,Hardware,1,18990,18990,Web,SMB
ORD-11629,2026-09-28,Oslo,Emma Solheim,Onboarding Package,Services,3,7500,22500,Direct,SMB
ORD-11630,2026-09-28,Oslo,Jonas Berg,Cloud Backup 1TB,Services,4,990,3960,Partner,SMB
ORD-11631,2026-09-28,Oslo,Jonas Berg,Wireless Headset,Accessories,1,1290,1290,Phone,SMB
ORD-11632,2026-09-28,Oslo,Jonas Berg,Mechanical Keyboard,Accessories,13,990,12870,Partner,Public Sector
ORD-11633,2026-09-28,Oslo,Ingrid Bakke,Managed Support (month),Services,1,2490,2490,Phone,SMB
ORD-11634,2026-09-28,Oslo,Emma Solheim,Onboarding Package,Services,11,7500,82500,Phone,Public Sector
ORD-11635,2026-09-28,Oslo,Ingrid Bakke,Onboarding Package,Services,3,7500,22500,Partner,SMB
ORD-11636,2026-09-28,Oslo,Emma Solheim,Office Suite License,Software,2,1188,2376,Phone,Consumer
ORD-11637,2026-09-28,Oslo,Ingrid Bakke,Managed Support (month),Services,7,2490,17430,Direct,Public Sector
ORD-11638,2026-09-28,Oslo,Emma Solheim,Onboarding Package,Services,4,7500,30000,Web,SMB
ORD-11639,2026-09-28,Oslo,Jonas Berg,USB-C Hub,Accessories,15,449,6735,Partner,Enterprise
ORD-11640,2026-09-28,Oslo,Emma Solheim,"Monitor 27"" 4K",Hardware,1,4990,4990,Phone,SMB
ORD-11641,2026-09-28,Oslo,Emma Solheim,USB-C Hub,Accessories,15,449,6735,Direct,Enterprise
ORD-11642,2026-09-28,Bergen,Sofie Dahl,USB-C Hub,Accessories,4,449,1796,Web,Public Sector
ORD-11643,2026-09-28,Bergen,Markus Vik,Cloud Backup 1TB,Services,10,990,9900,Partner,Public Sector
ORD-11644,2026-09-28,Bergen,Sofie Dahl,Docking Station,Hardware,3,1890,5670,Web,SMB
ORD-11645,2026-09-28,Bergen,Markus Vik,Docking Station,Hardware,2,1890,3780,Partner,SMB
ORD-11646,2026-09-28,Bergen,Markus Vik,Managed Support (month),Services,3,2490,7470,Phone,SMB
ORD-11647,2026-09-28,Bergen,Sofie Dahl,Laptop Pro 14,Hardware,15,18990,284850,Phone,Public Sector
ORD-11648,2026-09-28,Bergen,Markus Vik,Laptop Pro 14,Hardware,7,18990,132930,Web,Public Sector
ORD-11649,2026-09-28,Bergen,Sofie Dahl,Onboarding Package,Services,3,7500,22500,Partner,SMB
ORD-11650,2026-09-28,Trondheim,Henrik Moen,Managed Support (month),Services,3,2490,7470,Phone,Consumer
ORD-11651,2026-09-28,Trondheim,Nora Lien,"Monitor 27"" 4K",Hardware,1,4990,4990,Web,SMB
ORD-11652,2026-09-28,Trondheim,Nora Lien,Managed Support (month),Services,2,2490,4980,Direct,SMB
ORD-11653,2026-09-28,Trondheim,Henrik Moen,Mechanical Keyboard,Accessories,4,990,3960,Phone,SMB
ORD-11654,2026-09-28,Stavanger,Lars Eide,Mechanical Keyboard,Accessories,4,990,3960,Web,SMB
ORD-11655,2026-09-28,Stavanger,Lars Eide,"Monitor 27"" 4K",Hardware,17,4990,84830,Direct,Enterprise
ORD-11656,2026-09-28,Tromsø,Mia Foss,Managed Support (month),Services,3,2490,7470,Phone,SMB
ORD-11657,2026-09-28,Tromsø,Mia Foss,USB-C Hub,Accessories,3,449,1347,Phone,Public Sector
ORD-11658,2026-09-28,Tromsø,Mia Foss,USB-C Hub,Accessories,4,449,1796,Web,SMB
ORD-11659,2026-09-29,Oslo,Ingrid Bakke,Onboarding Package,Services,1,7500,7500,Web,SMB
ORD-11660,2026-09-29,Oslo,Ingrid Bakke,Docking Station,Hardware,1,1890,1890,Web,SMB
ORD-11661,2026-09-29,Oslo,Ingrid Bakke,Security Suite License,Software,1,1548,1548,Phone,SMB
ORD-11662,2026-09-29,Oslo,Ingrid Bakke,Office Suite License,Software,2,1188,2376,Partner,Consumer
ORD-11663,2026-09-29,Oslo,Jonas Berg,Office Suite License,Software,1,1188,1188,Partner,SMB
ORD-11664,2026-09-29,Oslo,Emma Solheim,Security Suite License,Software,1,1548,1548,Web,SMB
ORD-11665,2026-09-29,Oslo,Emma Solheim,Wireless Headset,Accessories,4,1290,5160,Phone,SMB
ORD-11666,2026-09-29,Oslo,Ingrid Bakke,Onboarding Package,Services,3,7500,22500,Partner,SMB
ORD-11667,2026-09-29,Oslo,Ingrid Bakke,Managed Support (month),Services,1,2490,2490,Direct,Consumer
ORD-11668,2026-09-29,Oslo,Ingrid Bakke,Onboarding Package,Services,3,7500,22500,Web,SMB
ORD-11669,2026-09-29,Oslo,Jonas Berg,Laptop Air 13,Hardware,2,12490,24980,Phone,Consumer
ORD-11670,2026-09-29,Oslo,Jonas Berg,Security Suite License,Software,2,1548,3096,Direct,SMB
ORD-11671,2026-09-29,Bergen,Markus Vik,Managed Support (month),Services,7,2490,17430,Web,Public Sector
ORD-11672,2026-09-29,Bergen,Sofie Dahl,Office Suite License,Software,14,1188,16632,Web,Public Sector
ORD-11673,2026-09-29,Bergen,Markus Vik,"Monitor 27"" 4K",Hardware,2,4990,9980,Partner,Consumer
ORD-11674,2026-09-29,Bergen,Markus Vik,USB-C Hub,Accessories,4,449,1796,Web,SMB
ORD-11675,2026-09-29,Bergen,Markus Vik,Cloud Backup 1TB,Services,3,990,2970,Partner,Public Sector
ORD-11676,2026-09-29,Bergen,Markus Vik,"Monitor 27"" 4K",Hardware,3,4990,14970,Partner,Consumer
ORD-11677,2026-09-29,Trondheim,Nora Lien,Cloud Backup 1TB,Services,2,990,1980,Direct,SMB
ORD-11678,2026-09-29,Trondheim,Nora Lien,Security Suite License,Software,39,1548,60372,Phone,Enterprise
ORD-11679,2026-09-29,Trondheim,Nora Lien,Laptop Air 13,Hardware,38,12490,474620,Phone,Enterprise
ORD-11680,2026-09-29,Trondheim,Henrik Moen,Docking Station,Hardware,2,1890,3780,Web,SMB
ORD-11681,2026-09-29,Stavanger,Lars Eide,Security Suite License,Software,12,1548,18576,Web,Enterprise
ORD-11682,2026-09-29,Stavanger,Lars Eide,Mechanical Keyboard,Accessories,2,990,1980,Partner,Consumer
ORD-11683,2026-09-29,Stavanger,Lars Eide,"Monitor 27"" 4K",Hardware,4,4990,19960,Phone,Consumer
ORD-11684,2026-09-29,Stavanger,Oda Strand,Docking Station,Hardware,2,1890,3780,Web,SMB
ORD-11685,2026-09-29,Stavanger,Oda Strand,USB-C Hub,Accessories,7,449,3143,Web,Public Sector
ORD-11686,2026-09-29,Tromsø,Mia Foss,Office Suite License,Software,2,1188,2376,Web,Consumer
ORD-11687,2026-09-29,Tromsø,Mia Foss,Mechanical Keyboard,Accessories,2,990,1980,Web,SMB
ORD-11688,2026-09-30,Oslo,Ingrid Bakke,Cloud Backup 1TB,Services,4,990,3960,Phone,Consumer
ORD-11689,2026-09-30,Oslo,Emma Solheim,Security Suite License,Software,9,1548,13932,Direct,Public Sector
ORD-11690,2026-09-30,Oslo,Emma Solheim,Mechanical Keyboard,Accessories,1,990,990,Partner,SMB
ORD-11691,2026-09-30,Oslo,Ingrid Bakke,Managed Support (month),Services,2,2490,4980,Phone,SMB
ORD-11692,2026-09-30,Oslo,Ingrid Bakke,USB-C Hub,Accessories,10,449,4490,Partner,Public Sector
ORD-11693,2026-09-30,Oslo,Emma Solheim,Security Suite License,Software,2,1548,3096,Direct,SMB
ORD-11694,2026-09-30,Bergen,Markus Vik,Security Suite License,Software,2,1548,3096,Phone,SMB
ORD-11695,2026-09-30,Bergen,Sofie Dahl,Cloud Backup 1TB,Services,1,990,990,Direct,SMB
ORD-11696,2026-09-30,Bergen,Sofie Dahl,Mechanical Keyboard,Accessories,15,990,14850,Direct,Public Sector
ORD-11697,2026-09-30,Bergen,Markus Vik,Laptop Pro 14,Hardware,4,18990,75960,Phone,Consumer
ORD-11698,2026-09-30,Bergen,Sofie Dahl,Laptop Air 13,Hardware,3,12490,37470,Partner,SMB
ORD-11699,2026-09-30,Bergen,Markus Vik,Docking Station,Hardware,1,1890,1890,Web,SMB
ORD-11700,2026-09-30,Bergen,Markus Vik,Cloud Backup 1TB,Services,2,990,1980,Phone,Consumer
ORD-11701,2026-09-30,Bergen,Markus Vik,Docking Station,Hardware,1,1890,1890,Direct,SMB
ORD-11702,2026-09-30,Bergen,Markus Vik,Laptop Pro 14,Hardware,3,18990,56970,Web,SMB
ORD-11703,2026-09-30,Bergen,Sofie Dahl,Wireless Headset,Accessories,2,1290,2580,Partner,Consumer
ORD-11704,2026-09-30,Trondheim,Nora Lien,Onboarding Package,Services,2,7500,15000,Web,SMB
ORD-11705,2026-09-30,Trondheim,Nora Lien,USB-C Hub,Accessories,1,449,449,Phone,Consumer
ORD-11706,2026-09-30,Trondheim,Henrik Moen,Cloud Backup 1TB,Services,23,990,22770,Phone,Enterprise
ORD-11707,2026-09-30,Trondheim,Henrik Moen,Managed Support (month),Services,19,2490,47310,Phone,Enterprise
ORD-11708,2026-09-30,Trondheim,Henrik Moen,Onboarding Package,Services,3,7500,22500,Direct,SMB
ORD-11709,2026-09-30,Trondheim,Henrik Moen,Mechanical Keyboard,Accessories,4,990,3960,Web,SMB
ORD-11710,2026-09-30,Stavanger,Lars Eide,Docking Station,Hardware,1,1890,1890,Phone,SMB
ORD-11711,2026-09-30,Stavanger,Lars Eide,Laptop Air 13,Hardware,2,12490,24980,Partner,Consumer
ORD-11712,2026-09-30,Stavanger,Oda Strand,Office Suite License,Software,3,1188,3564,Phone,SMB
ORD-11713,2026-09-30,Stavanger,Lars Eide,"Monitor 27"" 4K",Hardware,3,4990,14970,Partner,SMB
ORD-11714,2026-09-30,Stavanger,Oda Strand,Laptop Air 13,Hardware,4,12490,49960,Partner,SMB
ORD-11715,2026-09-30,Stavanger,Lars Eide,Wireless Headset,Accessories,4,1290,5160,Phone,Consumer
ORD-11716,2026-09-30,Stavanger,Oda Strand,Cloud Backup 1TB,Services,3,990,2970,Direct,SMB
ORD-11717,2026-09-30,Stavanger,Lars Eide,Cloud Backup 1TB,Services,3,990,2970,Partner,SMB
ORD-11718,2026-09-30,Tromsø,Mia Foss,Laptop Air 13,Hardware,6,12490,74940,Web,Public Sector
